{
  "checkpoint_path": "project/results/contrastive/hpo_loss_lr_temp_20260720_1320/lr3e4_temp015_i2s/best.pt",
  "fold": 0,
  "i2s_mean_rank": 1182.32861328125,
  "i2s_median_rank": 952.0,
  "i2s_mrr": 0.006505288183689117,
  "i2s_rank_p10": 119.0,
  "i2s_rank_p90": 2628.0,
  "i2s_rank_percentile_mean": 0.7115192413330078,
  "i2s_rank_percentile_median": 0.7675213813781738,
  "i2s_recall@1": 0.0009765625,
  "i2s_recall@10": 0.0107421875,
  "i2s_recall@5": 0.0048828125,
  "image_channel_valid_fraction": 0.52042644075118,
  "image_mean_norm": 1.0,
  "image_mean_std": 0.05775074660778046,
  "n_objects": 4096,
  "negative_cosine_mean": 0.41678547859191895,
  "negative_cosine_std": 0.31590092182159424,
  "positive_cosine_mean": 0.6249196529388428,
  "positive_cosine_std": 0.1512291580438614,
  "positive_negative_margin": 0.20813417434692383,
  "s2i_mean_rank": 1278.943603515625,
  "s2i_median_rank": 1074.0,
  "s2i_mrr": 0.0055632395669817924,
  "s2i_rank_p10": 140.0,
  "s2i_rank_p90": 2775.5,
  "s2i_rank_percentile_mean": 0.6879258155822754,
  "s2i_rank_percentile_median": 0.7377289533615112,
  "s2i_recall@1": 0.000732421875,
  "s2i_recall@10": 0.00830078125,
  "s2i_recall@5": 0.003662109375,
  "spectrum_mean_norm": 1.0,
  "spectrum_mean_std": 0.05127210170030594,
  "spectrum_valid_fraction": 0.2145592961460352,
  "split": "val"
}
