{
  "embeddings_path": "project/results/contrastive/long_simple_pat20_20260717_140310/export_test_full/embeddings.npz",
  "i2s_mean_rank": 1222.629638671875,
  "i2s_median_rank": 774.0,
  "i2s_mrr": 0.008255868218839169,
  "i2s_rank_p10": 93.0,
  "i2s_rank_p90": 3110.5,
  "i2s_rank_percentile_mean": 0.8144829273223877,
  "i2s_rank_percentile_median": 0.8826119899749756,
  "i2s_recall@1": 0.0019738839473575354,
  "i2s_recall@10": 0.013969025574624538,
  "i2s_recall@5": 0.00576981483027339,
  "n_objects": 6586,
  "s2i_mean_rank": 1232.4615478515625,
  "s2i_median_rank": 764.0,
  "s2i_mrr": 0.008231607265770435,
  "s2i_rank_p10": 86.0,
  "s2i_rank_p90": 3124.5,
  "s2i_rank_percentile_mean": 0.8129898905754089,
  "s2i_rank_percentile_median": 0.884130597114563,
  "s2i_recall@1": 0.0013665350852534175,
  "s2i_recall@10": 0.01229881588369608,
  "s2i_recall@5": 0.0065290010534226894
}
