{
  "best_epoch": 3,
  "best_learning_rate": 0.00029290319486279724,
  "best_n_train": 16384,
  "best_n_val": 4096,
  "best_seconds": 15.236,
  "best_stopped_early": false,
  "best_train_grad_norm": 5.971213896758854,
  "best_train_loss": 2.990469799377024,
  "best_val_i2s_recall@1": 0.000244140625,
  "best_val_i2s_recall@10": 0.008056640625,
  "best_val_i2s_recall@5": 0.00439453125,
  "best_val_image_channel_valid_fraction": 0.52042644075118,
  "best_val_image_mean_norm": 1.0,
  "best_val_image_mean_std": 0.036219388246536255,
  "best_val_loss": 3.116941213607788,
  "best_val_negative_cosine_mean": 0.340820848941803,
  "best_val_negative_cosine_std": 0.17681775987148285,
  "best_val_positive_cosine_mean": 0.4587254226207733,
  "best_val_positive_cosine_std": 0.07938843965530396,
  "best_val_positive_negative_margin": 0.11790457367897034,
  "best_val_s2i_recall@1": 0.00048828125,
  "best_val_s2i_recall@10": 0.0068359375,
  "best_val_s2i_recall@5": 0.00390625,
  "best_val_spectrum_mean_norm": 1.0,
  "best_val_spectrum_mean_std": 0.04204166308045387,
  "best_val_spectrum_valid_fraction": 0.2145592961460352,
  "epoch": 7,
  "learning_rate": 0.00024022886158240854,
  "n_train": 16384,
  "n_val": 4096,
  "seconds": 15.176,
  "stopped_early": true,
  "train_grad_norm": 14.261627475731075,
  "train_loss": 2.415702154394239,
  "val_i2s_recall@1": 0.00048828125,
  "val_i2s_recall@10": 0.00830078125,
  "val_i2s_recall@5": 0.004150390625,
  "val_image_channel_valid_fraction": 0.52042644075118,
  "val_image_mean_norm": 1.0,
  "val_image_mean_std": 0.048199620097875595,
  "val_loss": 3.7297371942549944,
  "val_negative_cosine_mean": 0.35673820972442627,
  "val_negative_cosine_std": 0.23640425503253937,
  "val_positive_cosine_mean": 0.5067599415779114,
  "val_positive_cosine_std": 0.14139994978904724,
  "val_positive_negative_margin": 0.1500217318534851,
  "val_s2i_recall@1": 0.000732421875,
  "val_s2i_recall@10": 0.00634765625,
  "val_s2i_recall@5": 0.003662109375,
  "val_spectrum_mean_norm": 1.0,
  "val_spectrum_mean_std": 0.053809672594070435,
  "val_spectrum_valid_fraction": 0.2145592961460352
}
