{
  "best_contrastive_loss": "symmetric_info_nce",
  "best_epoch": 4,
  "best_learning_rate": 0.00029899492625846426,
  "best_n_train": 16384,
  "best_n_val": 4096,
  "best_seconds": 13.241,
  "best_stopped_early": false,
  "best_temperature": 0.1,
  "best_train_contrastive_accumulation_steps": 4.0,
  "best_train_effective_contrastive_batch_size": 128.0,
  "best_train_grad_norm": 4.601292181760073,
  "best_train_loss": 4.329516667872667,
  "best_train_optimizer_steps": 128.0,
  "best_val_i2s_mean_rank": 1201.643310546875,
  "best_val_i2s_median_rank": 985.0,
  "best_val_i2s_mrr": 0.006329587660729885,
  "best_val_i2s_rank_p10": 128.0,
  "best_val_i2s_rank_p90": 2637.0,
  "best_val_i2s_rank_percentile_mean": 0.7068026065826416,
  "best_val_i2s_rank_percentile_median": 0.759706974029541,
  "best_val_i2s_recall@1": 0.0009765625,
  "best_val_i2s_recall@10": 0.0087890625,
  "best_val_i2s_recall@5": 0.004638671875,
  "best_val_image_channel_valid_fraction": 0.52042644075118,
  "best_val_image_mean_norm": 1.0,
  "best_val_image_mean_std": 0.04334159940481186,
  "best_val_loss": 3.1110425665974617,
  "best_val_negative_cosine_mean": 0.3564532995223999,
  "best_val_negative_cosine_std": 0.22015558183193207,
  "best_val_positive_cosine_mean": 0.50548255443573,
  "best_val_positive_cosine_std": 0.10393188148736954,
  "best_val_positive_negative_margin": 0.14902925491333008,
  "best_val_s2i_mean_rank": 1225.62060546875,
  "best_val_s2i_median_rank": 1009.0,
  "best_val_s2i_mrr": 0.005657961126416922,
  "best_val_s2i_rank_p10": 124.0,
  "best_val_s2i_rank_p90": 2699.5,
  "best_val_s2i_rank_percentile_mean": 0.7009473443031311,
  "best_val_s2i_rank_percentile_median": 0.7538461685180664,
  "best_val_s2i_recall@1": 0.000732421875,
  "best_val_s2i_recall@10": 0.00830078125,
  "best_val_s2i_recall@5": 0.003173828125,
  "best_val_spectrum_mean_norm": 1.0,
  "best_val_spectrum_mean_std": 0.04862987622618675,
  "best_val_spectrum_valid_fraction": 0.2145592961460352,
  "contrastive_loss": "symmetric_info_nce",
  "epoch": 10,
  "learning_rate": 0.0002910377437087601,
  "n_train": 16384,
  "n_val": 4096,
  "seconds": 13.059,
  "stopped_early": true,
  "temperature": 0.1,
  "train_contrastive_accumulation_steps": 4.0,
  "train_effective_contrastive_batch_size": 128.0,
  "train_grad_norm": 17.162661224603653,
  "train_loss": 3.3983529023826122,
  "train_optimizer_steps": 128.0,
  "val_i2s_mean_rank": 1432.669677734375,
  "val_i2s_median_rank": 1223.0,
  "val_i2s_mrr": 0.00524554867297411,
  "val_i2s_rank_p10": 146.0,
  "val_i2s_rank_p90": 3114.5,
  "val_i2s_rank_percentile_mean": 0.6503859162330627,
  "val_i2s_rank_percentile_median": 0.7013430595397949,
  "val_i2s_recall@1": 0.000244140625,
  "val_i2s_recall@10": 0.007080078125,
  "val_i2s_recall@5": 0.005126953125,
  "val_image_channel_valid_fraction": 0.52042644075118,
  "val_image_mean_norm": 1.0,
  "val_image_mean_std": 0.07211843878030777,
  "val_loss": 4.567915411666036,
  "val_negative_cosine_mean": 0.23176078498363495,
  "val_negative_cosine_std": 0.38495752215385437,
  "val_positive_cosine_mean": 0.44929763674736023,
  "val_positive_cosine_std": 0.2887481451034546,
  "val_positive_negative_margin": 0.21753685176372528,
  "val_s2i_mean_rank": 1375.031982421875,
  "val_s2i_median_rank": 1174.0,
  "val_s2i_mrr": 0.00518838269636035,
  "val_s2i_rank_p10": 147.0,
  "val_s2i_rank_p90": 2903.5,
  "val_s2i_rank_percentile_mean": 0.6644610166549683,
  "val_s2i_rank_percentile_median": 0.7133089303970337,
  "val_s2i_recall@1": 0.00048828125,
  "val_s2i_recall@10": 0.009765625,
  "val_s2i_recall@5": 0.003662109375,
  "val_spectrum_mean_norm": 1.0,
  "val_spectrum_mean_std": 0.06969063729047775,
  "val_spectrum_valid_fraction": 0.2145592961460352
}
