{
  "checkpoint_path": "project/results/contrastive/hpo_loss_lr_temp_20260720_1320/lr3e4_temp015_i2s/best.pt",
  "fold": 0,
  "i2s_mean_rank": 1176.474609375,
  "i2s_median_rank": 926.0,
  "i2s_mrr": 0.006950181908905506,
  "i2s_rank_p10": 111.0,
  "i2s_rank_p90": 2684.0,
  "i2s_rank_percentile_mean": 0.7129487991333008,
  "i2s_rank_percentile_median": 0.773870587348938,
  "i2s_recall@1": 0.0009765625,
  "i2s_recall@10": 0.0107421875,
  "i2s_recall@5": 0.005126953125,
  "image_channel_valid_fraction": 0.5191786077339202,
  "image_mean_norm": 1.0,
  "image_mean_std": 0.05733582377433777,
  "n_objects": 4096,
  "negative_cosine_mean": 0.41933080554008484,
  "negative_cosine_std": 0.3158712387084961,
  "positive_cosine_mean": 0.6277608871459961,
  "positive_cosine_std": 0.14741244912147522,
  "positive_negative_margin": 0.20843008160591125,
  "s2i_mean_rank": 1270.671142578125,
  "s2i_median_rank": 1051.0,
  "s2i_mrr": 0.005657369736582041,
  "s2i_rank_p10": 127.0,
  "s2i_rank_p90": 2781.0,
  "s2i_rank_percentile_mean": 0.6899459362030029,
  "s2i_rank_percentile_median": 0.7435897588729858,
  "s2i_recall@1": 0.000732421875,
  "s2i_recall@10": 0.00830078125,
  "s2i_recall@5": 0.002685546875,
  "spectrum_mean_norm": 1.0,
  "spectrum_mean_std": 0.051102396100759506,
  "spectrum_valid_fraction": 0.21432473615277559,
  "split": "test"
}
