{
  "best_contrastive_loss": "spectrum_to_image_info_nce",
  "best_epoch": 4,
  "best_learning_rate": 0.00029899492625846426,
  "best_n_train": 16384,
  "best_n_val": 4096,
  "best_seconds": 13.94,
  "best_stopped_early": false,
  "best_temperature": 0.1,
  "best_train_contrastive_accumulation_steps": 4.0,
  "best_train_effective_contrastive_batch_size": 128.0,
  "best_train_grad_norm": 5.099603023380041,
  "best_train_loss": 4.320082429796457,
  "best_train_optimizer_steps": 128.0,
  "best_val_i2s_mean_rank": 1474.2822265625,
  "best_val_i2s_median_rank": 1269.0,
  "best_val_i2s_mrr": 0.003985993098467588,
  "best_val_i2s_rank_p10": 206.5,
  "best_val_i2s_rank_p90": 3162.0,
  "best_val_i2s_rank_percentile_mean": 0.6402240991592407,
  "best_val_i2s_rank_percentile_median": 0.6903541088104248,
  "best_val_i2s_recall@1": 0.000244140625,
  "best_val_i2s_recall@10": 0.006591796875,
  "best_val_i2s_recall@5": 0.003173828125,
  "best_val_image_channel_valid_fraction": 0.52042644075118,
  "best_val_image_mean_norm": 1.0,
  "best_val_image_mean_std": 0.04133003577589989,
  "best_val_loss": 3.1248781625181437,
  "best_val_negative_cosine_mean": 0.4051459729671478,
  "best_val_negative_cosine_std": 0.3209783434867859,
  "best_val_positive_cosine_mean": 0.5653403401374817,
  "best_val_positive_cosine_std": 0.2476319819688797,
  "best_val_positive_negative_margin": 0.16019436717033386,
  "best_val_s2i_mean_rank": 1232.182373046875,
  "best_val_s2i_median_rank": 1014.0,
  "best_val_s2i_mrr": 0.00628642737865448,
  "best_val_s2i_rank_p10": 125.0,
  "best_val_s2i_rank_p90": 2727.0,
  "best_val_s2i_rank_percentile_mean": 0.6993449926376343,
  "best_val_s2i_rank_percentile_median": 0.7523809671401978,
  "best_val_s2i_recall@1": 0.0009765625,
  "best_val_s2i_recall@10": 0.009765625,
  "best_val_s2i_recall@5": 0.00439453125,
  "best_val_spectrum_mean_norm": 1.0,
  "best_val_spectrum_mean_std": 0.05867144465446472,
  "best_val_spectrum_valid_fraction": 0.2145592961460352,
  "contrastive_loss": "spectrum_to_image_info_nce",
  "epoch": 10,
  "learning_rate": 0.0002910377437087601,
  "n_train": 16384,
  "n_val": 4096,
  "seconds": 13.805,
  "stopped_early": true,
  "temperature": 0.1,
  "train_contrastive_accumulation_steps": 4.0,
  "train_effective_contrastive_batch_size": 128.0,
  "train_grad_norm": 15.10064010322094,
  "train_loss": 3.3536741845309734,
  "train_optimizer_steps": 128.0,
  "val_i2s_mean_rank": 1385.78662109375,
  "val_i2s_median_rank": 1135.0,
  "val_i2s_mrr": 0.005293527152389288,
  "val_i2s_rank_p10": 159.0,
  "val_i2s_rank_p90": 3052.5,
  "val_i2s_rank_percentile_mean": 0.6618348360061646,
  "val_i2s_rank_percentile_median": 0.7230769395828247,
  "val_i2s_recall@1": 0.0009765625,
  "val_i2s_recall@10": 0.0068359375,
  "val_i2s_recall@5": 0.00439453125,
  "val_image_channel_valid_fraction": 0.52042644075118,
  "val_image_mean_norm": 1.0,
  "val_image_mean_std": 0.06998567283153534,
  "val_loss": 4.31766945682466,
  "val_negative_cosine_mean": 0.20037949085235596,
  "val_negative_cosine_std": 0.39839738607406616,
  "val_positive_cosine_mean": 0.4349241554737091,
  "val_positive_cosine_std": 0.31041401624679565,
  "val_positive_negative_margin": 0.23454466462135315,
  "val_s2i_mean_rank": 1363.001708984375,
  "val_s2i_median_rank": 1154.0,
  "val_s2i_mrr": 0.005132981110364199,
  "val_s2i_rank_p10": 139.5,
  "val_s2i_rank_p90": 2950.0,
  "val_s2i_rank_percentile_mean": 0.6673987507820129,
  "val_s2i_rank_percentile_median": 0.7184370756149292,
  "val_s2i_recall@1": 0.0,
  "val_s2i_recall@10": 0.009521484375,
  "val_s2i_recall@5": 0.004150390625,
  "val_spectrum_mean_norm": 1.0,
  "val_spectrum_mean_std": 0.07299312204122543,
  "val_spectrum_valid_fraction": 0.2145592961460352
}
