{
  "checkpoint_path": "project/results/contrastive/hpo_loss_lr_temp_20260720_1320/lr3e4_temp010_i2s/best.pt",
  "fold": 0,
  "i2s_mean_rank": 1176.385498046875,
  "i2s_median_rank": 919.0,
  "i2s_mrr": 0.006366154178977013,
  "i2s_rank_p10": 110.0,
  "i2s_rank_p90": 2697.5,
  "i2s_rank_percentile_mean": 0.7129706144332886,
  "i2s_rank_percentile_median": 0.7758241891860962,
  "i2s_recall@1": 0.000732421875,
  "i2s_recall@10": 0.010498046875,
  "i2s_recall@5": 0.004638671875,
  "image_channel_valid_fraction": 0.5191786077339202,
  "image_mean_norm": 1.0,
  "image_mean_std": 0.04822975769639015,
  "n_objects": 4096,
  "negative_cosine_mean": 0.42033103108406067,
  "negative_cosine_std": 0.23357035219669342,
  "positive_cosine_mean": 0.5709623098373413,
  "positive_cosine_std": 0.1109754890203476,
  "positive_negative_margin": 0.15063127875328064,
  "s2i_mean_rank": 1297.938232421875,
  "s2i_median_rank": 1074.0,
  "s2i_mrr": 0.0057672737166285515,
  "s2i_rank_p10": 125.5,
  "s2i_rank_p90": 2855.5,
  "s2i_rank_percentile_mean": 0.6832873821258545,
  "s2i_rank_percentile_median": 0.7372405529022217,
  "s2i_recall@1": 0.000732421875,
  "s2i_recall@10": 0.007568359375,
  "s2i_recall@5": 0.003662109375,
  "spectrum_mean_norm": 1.0,
  "spectrum_mean_std": 0.04576723277568817,
  "spectrum_valid_fraction": 0.21432473615277559,
  "split": "test"
}
