{
  "checkpoint_path": "project/results/contrastive/hpo_loss_lr_temp_20260720_1320/lr1e3_temp010_i2s/best.pt",
  "fold": 0,
  "i2s_mean_rank": 1194.75732421875,
  "i2s_median_rank": 979.0,
  "i2s_mrr": 0.007206507958471775,
  "i2s_rank_p10": 120.5,
  "i2s_rank_p90": 2667.5,
  "i2s_rank_percentile_mean": 0.7084841728210449,
  "i2s_rank_percentile_median": 0.7609279751777649,
  "i2s_recall@1": 0.001953125,
  "i2s_recall@10": 0.01025390625,
  "i2s_recall@5": 0.006103515625,
  "image_channel_valid_fraction": 0.52042644075118,
  "image_mean_norm": 1.0,
  "image_mean_std": 0.04547677934169769,
  "n_objects": 4096,
  "negative_cosine_mean": 0.5057794451713562,
  "negative_cosine_std": 0.21347950398921967,
  "positive_cosine_mean": 0.618334949016571,
  "positive_cosine_std": 0.1349526047706604,
  "positive_negative_margin": 0.11255550384521484,
  "s2i_mean_rank": 1569.15966796875,
  "s2i_median_rank": 1412.0,
  "s2i_mrr": 0.00443161791190505,
  "s2i_rank_p10": 166.5,
  "s2i_rank_p90": 3234.0,
  "s2i_rank_percentile_mean": 0.6170549988746643,
  "s2i_rank_percentile_median": 0.6551892757415771,
  "s2i_recall@1": 0.000732421875,
  "s2i_recall@10": 0.00537109375,
  "s2i_recall@5": 0.002685546875,
  "spectrum_mean_norm": 1.0,
  "spectrum_mean_std": 0.03418192267417908,
  "spectrum_valid_fraction": 0.2145592961460352,
  "split": "val"
}
