{
  "checkpoint_path": "project/results/contrastive/hpo_loss_lr_temp_20260720_1320/lr1e3_temp010_s2i/best.pt",
  "fold": 0,
  "i2s_mean_rank": 1443.912109375,
  "i2s_median_rank": 1202.0,
  "i2s_mrr": 0.004209583159536123,
  "i2s_rank_p10": 190.0,
  "i2s_rank_p90": 3136.5,
  "i2s_rank_percentile_mean": 0.6476404666900635,
  "i2s_rank_percentile_median": 0.70647132396698,
  "i2s_recall@1": 0.000244140625,
  "i2s_recall@10": 0.007080078125,
  "i2s_recall@5": 0.002685546875,
  "image_channel_valid_fraction": 0.52042644075118,
  "image_mean_norm": 1.0,
  "image_mean_std": 0.0360637828707695,
  "n_objects": 4096,
  "negative_cosine_mean": 0.43594634532928467,
  "negative_cosine_std": 0.26719099283218384,
  "positive_cosine_mean": 0.5717265009880066,
  "positive_cosine_std": 0.19866997003555298,
  "positive_negative_margin": 0.13578015565872192,
  "s2i_mean_rank": 1177.55615234375,
  "s2i_median_rank": 928.0,
  "s2i_mrr": 0.006821616552770138,
  "s2i_rank_p10": 112.0,
  "s2i_rank_p90": 2661.5,
  "s2i_rank_percentile_mean": 0.7126847505569458,
  "s2i_rank_percentile_median": 0.7733821868896484,
  "s2i_recall@1": 0.000732421875,
  "s2i_recall@10": 0.01025390625,
  "s2i_recall@5": 0.005859375,
  "spectrum_mean_norm": 1.0,
  "spectrum_mean_std": 0.05067833140492439,
  "spectrum_valid_fraction": 0.2145592961460352,
  "split": "val"
}
