{
  "embedding_dim": 128,
  "embeddings_path": "project/results/contrastive/long_simple_pat20_20260717_140310/export_val8192/embeddings.npz",
  "knn_kth_distance": {
    "max": 0.06044876575469971,
    "mean": 0.006203607190400362,
    "min": 0.0010736584663391113,
    "p25": 0.003093630075454712,
    "p50": 0.004791706800460815,
    "p75": 0.007698476314544678,
    "p95": 0.015578166581690311,
    "std": 0.004807839635759592
  },
  "knn_mean_distance": {
    "max": 0.05128718167543411,
    "mean": 0.004990565124899149,
    "min": 0.0008515536901541054,
    "p25": 0.002539323177188635,
    "p50": 0.0038868398405611515,
    "p75": 0.006186557933688164,
    "p95": 0.012063246220350266,
    "std": 0.0038039954379200935
  },
  "n_objects": 8192,
  "pair_distance": {
    "max": 0.9082095623016357,
    "mean": 0.4464229941368103,
    "min": 0.16087627410888672,
    "p25": 0.4215669631958008,
    "p50": 0.446499764919281,
    "p75": 0.47537070512771606,
    "p95": 0.545893669128418,
    "std": 0.06369506567716599
  },
  "pca_explained_variance_ratio": [
    0.6439322829246521,
    0.201083242893219
  ],
  "prefix_counts": {
    "hst_3dhst": 8192
  }
}
