{
  "best_epoch": 3,
  "best_learning_rate": 0.0002995453067256364,
  "best_n_train": 46213,
  "best_n_val": 8192,
  "best_seconds": 41.172,
  "best_stopped_early": false,
  "best_train_grad_norm": 3.931030642780053,
  "best_train_loss": 2.5435918403331796,
  "best_val_i2s_recall@1": 0.000732421875,
  "best_val_i2s_recall@10": 0.0054931640625,
  "best_val_i2s_recall@5": 0.0030517578125,
  "best_val_image_channel_valid_fraction": 0.5200059750350192,
  "best_val_image_mean_norm": 1.0,
  "best_val_image_mean_std": 0.03281174972653389,
  "best_val_loss": 2.973322104662657,
  "best_val_negative_cosine_mean": 0.44441545009613037,
  "best_val_negative_cosine_std": 0.14800196886062622,
  "best_val_positive_cosine_mean": 0.5533888339996338,
  "best_val_positive_cosine_std": 0.0636761263012886,
  "best_val_positive_negative_margin": 0.10897338390350342,
  "best_val_s2i_recall@1": 0.000244140625,
  "best_val_s2i_recall@10": 0.005126953125,
  "best_val_s2i_recall@5": 0.00244140625,
  "best_val_spectrum_mean_norm": 1.0,
  "best_val_spectrum_mean_std": 0.041038889437913895,
  "best_val_spectrum_valid_fraction": 0.2147973247920163,
  "epoch": 11,
  "learning_rate": 0.0002887722310454147,
  "n_train": 46213,
  "n_val": 8192,
  "seconds": 41.102,
  "stopped_early": true,
  "train_grad_norm": 8.690929465970367,
  "train_loss": 2.0882638974998238,
  "val_i2s_recall@1": 0.000244140625,
  "val_i2s_recall@10": 0.00537109375,
  "val_i2s_recall@5": 0.0028076171875,
  "val_image_channel_valid_fraction": 0.5200059750350192,
  "val_image_mean_norm": 1.0,
  "val_image_mean_std": 0.05074409395456314,
  "val_loss": 3.6106115793809295,
  "val_negative_cosine_mean": 0.30116888880729675,
  "val_negative_cosine_std": 0.2443486601114273,
  "val_positive_cosine_mean": 0.46500566601753235,
  "val_positive_cosine_std": 0.1381513923406601,
  "val_positive_negative_margin": 0.1638367772102356,
  "val_s2i_recall@1": 0.000732421875,
  "val_s2i_recall@10": 0.0054931640625,
  "val_s2i_recall@5": 0.002685546875,
  "val_spectrum_mean_norm": 1.0,
  "val_spectrum_mean_std": 0.05558132007718086,
  "val_spectrum_valid_fraction": 0.2147973247920163
}
