{
  "checkpoint_path": "project/results/contrastive/accum_smoke_20260717/best.pt",
  "fold": 0,
  "i2s_mean_rank": 54.3359375,
  "i2s_median_rank": 50.0,
  "i2s_mrr": 0.05944855138659477,
  "i2s_rank_p10": 11.0,
  "i2s_rank_p90": 109.29999542236328,
  "i2s_rank_percentile_mean": 0.5800319910049438,
  "i2s_rank_percentile_median": 0.6062992215156555,
  "i2s_recall@1": 0.015625,
  "i2s_recall@10": 0.09375,
  "i2s_recall@5": 0.0546875,
  "image_channel_valid_fraction": 0.5225694477558136,
  "image_mean_norm": 1.0,
  "image_mean_std": 0.01572779007256031,
  "n_objects": 128,
  "negative_cosine_mean": 0.02726416476070881,
  "negative_cosine_std": 0.028598828241229057,
  "positive_cosine_mean": 0.033595528453588486,
  "positive_cosine_std": 0.03465384244918823,
  "positive_negative_margin": 0.006331363692879677,
  "s2i_mean_rank": 60.1328125,
  "s2i_median_rank": 58.0,
  "s2i_mrr": 0.053420960903167725,
  "s2i_rank_p10": 10.0,
  "s2i_rank_p90": 115.29999542236328,
  "s2i_rank_percentile_mean": 0.5343872904777527,
  "s2i_rank_percentile_median": 0.5196850299835205,
  "s2i_recall@1": 0.015625,
  "s2i_recall@10": 0.109375,
  "s2i_recall@5": 0.0546875,
  "spectrum_mean_norm": 1.0,
  "spectrum_mean_std": 0.010406997054815292,
  "spectrum_valid_fraction": 0.2156207598745823,
  "split": "val"
}
