{
  "epoch": 5,
  "n_train": 8192,
  "n_val": 2048,
  "seconds": 6.623,
  "train_loss": 2.902745603583753,
  "val_i2s_recall@1": 0.00244140625,
  "val_i2s_recall@10": 0.013671875,
  "val_i2s_recall@5": 0.0078125,
  "val_image_channel_valid_fraction": 0.519802528899163,
  "val_image_mean_norm": 1.0,
  "val_image_mean_std": 0.02745232917368412,
  "val_loss": 3.1530410051345825,
  "val_s2i_recall@1": 0.0009765625,
  "val_s2i_recall@10": 0.02197265625,
  "val_s2i_recall@5": 0.00927734375,
  "val_spectrum_mean_norm": 1.0,
  "val_spectrum_mean_std": 0.031435903161764145,
  "val_spectrum_valid_fraction": 0.21208650479093194
}
