{
  "checkpoint_path": "project/results/contrastive/hpo_loss_lr_temp_20260720_1320/lr1e3_temp015_s2i/best.pt",
  "fold": 0,
  "i2s_mean_rank": 1338.150146484375,
  "i2s_median_rank": 1075.0,
  "i2s_mrr": 0.004688849672675133,
  "i2s_rank_p10": 152.0,
  "i2s_rank_p90": 2962.0,
  "i2s_rank_percentile_mean": 0.6734676361083984,
  "i2s_rank_percentile_median": 0.7374846935272217,
  "i2s_recall@1": 0.00048828125,
  "i2s_recall@10": 0.004638671875,
  "i2s_recall@5": 0.00244140625,
  "image_channel_valid_fraction": 0.52042644075118,
  "image_mean_norm": 1.0,
  "image_mean_std": 0.047094061970710754,
  "n_objects": 4096,
  "negative_cosine_mean": 0.3405764698982239,
  "negative_cosine_std": 0.38444656133651733,
  "positive_cosine_mean": 0.5684739351272583,
  "positive_cosine_std": 0.23891472816467285,
  "positive_negative_margin": 0.22789746522903442,
  "s2i_mean_rank": 1183.68115234375,
  "s2i_median_rank": 945.0,
  "s2i_mrr": 0.0057859173975884914,
  "s2i_rank_p10": 110.5,
  "s2i_rank_p90": 2691.0,
  "s2i_rank_percentile_mean": 0.7111889719963074,
  "s2i_rank_percentile_median": 0.7692307829856873,
  "s2i_recall@1": 0.00048828125,
  "s2i_recall@10": 0.009765625,
  "s2i_recall@5": 0.00390625,
  "spectrum_mean_norm": 1.0,
  "spectrum_mean_std": 0.05988346040248871,
  "spectrum_valid_fraction": 0.2145592961460352,
  "split": "val"
}
