{
  "best_contrastive_loss": "image_to_spectrum_info_nce",
  "best_epoch": 4,
  "best_learning_rate": 0.00029899492625846426,
  "best_n_train": 16384,
  "best_n_val": 4096,
  "best_seconds": 14.163,
  "best_stopped_early": false,
  "best_temperature": 0.1,
  "best_train_contrastive_accumulation_steps": 4.0,
  "best_train_effective_contrastive_batch_size": 128.0,
  "best_train_grad_norm": 4.5887095015496016,
  "best_train_loss": 4.3424937054514885,
  "best_train_optimizer_steps": 128.0,
  "best_val_i2s_mean_rank": 1187.584228515625,
  "best_val_i2s_median_rank": 964.0,
  "best_val_i2s_mrr": 0.006785072386264801,
  "best_val_i2s_rank_p10": 123.0,
  "best_val_i2s_rank_p90": 2630.5,
  "best_val_i2s_rank_percentile_mean": 0.7102358341217041,
  "best_val_i2s_rank_percentile_median": 0.7648351788520813,
  "best_val_i2s_recall@1": 0.001220703125,
  "best_val_i2s_recall@10": 0.01025390625,
  "best_val_i2s_recall@5": 0.00537109375,
  "best_val_image_channel_valid_fraction": 0.52042644075118,
  "best_val_image_mean_norm": 1.0,
  "best_val_image_mean_std": 0.048545461148023605,
  "best_val_loss": 3.114659436047077,
  "best_val_negative_cosine_mean": 0.419462651014328,
  "best_val_negative_cosine_std": 0.23324784636497498,
  "best_val_positive_cosine_mean": 0.5695533156394958,
  "best_val_positive_cosine_std": 0.1132178083062172,
  "best_val_positive_negative_margin": 0.15009066462516785,
  "best_val_s2i_mean_rank": 1305.565185546875,
  "best_val_s2i_median_rank": 1108.0,
  "best_val_s2i_mrr": 0.006059351377189159,
  "best_val_s2i_rank_p10": 137.0,
  "best_val_s2i_rank_p90": 2804.0,
  "best_val_s2i_rank_percentile_mean": 0.6814248561859131,
  "best_val_s2i_rank_percentile_median": 0.7296702861785889,
  "best_val_s2i_recall@1": 0.001220703125,
  "best_val_s2i_recall@10": 0.00830078125,
  "best_val_s2i_recall@5": 0.005126953125,
  "best_val_spectrum_mean_norm": 1.0,
  "best_val_spectrum_mean_std": 0.04585843160748482,
  "best_val_spectrum_valid_fraction": 0.2145592961460352,
  "contrastive_loss": "image_to_spectrum_info_nce",
  "epoch": 10,
  "learning_rate": 0.0002910377437087601,
  "n_train": 16384,
  "n_val": 4096,
  "seconds": 13.905,
  "stopped_early": true,
  "temperature": 0.1,
  "train_contrastive_accumulation_steps": 4.0,
  "train_effective_contrastive_batch_size": 128.0,
  "train_grad_norm": 18.046733796596527,
  "train_loss": 3.514445446431637,
  "train_optimizer_steps": 128.0,
  "val_i2s_mean_rank": 1424.9326171875,
  "val_i2s_median_rank": 1236.0,
  "val_i2s_mrr": 0.0055750212632119656,
  "val_i2s_rank_p10": 145.5,
  "val_i2s_rank_p90": 3075.5,
  "val_i2s_rank_percentile_mean": 0.6522752642631531,
  "val_i2s_rank_percentile_median": 0.6984126567840576,
  "val_i2s_recall@1": 0.0009765625,
  "val_i2s_recall@10": 0.0087890625,
  "val_i2s_recall@5": 0.00390625,
  "val_image_channel_valid_fraction": 0.52042644075118,
  "val_image_mean_norm": 1.0,
  "val_image_mean_std": 0.06951913237571716,
  "val_loss": 4.3275572918355465,
  "val_negative_cosine_mean": 0.2643700838088989,
  "val_negative_cosine_std": 0.3800443112850189,
  "val_positive_cosine_mean": 0.4751012921333313,
  "val_positive_cosine_std": 0.25421297550201416,
  "val_positive_negative_margin": 0.21073120832443237,
  "val_s2i_mean_rank": 1350.43359375,
  "val_s2i_median_rank": 1189.0,
  "val_s2i_mrr": 0.004459214396774769,
  "val_s2i_rank_p10": 156.0,
  "val_s2i_rank_p90": 2832.0,
  "val_s2i_rank_percentile_mean": 0.6704680323600769,
  "val_s2i_rank_percentile_median": 0.7096458673477173,
  "val_s2i_recall@1": 0.0,
  "val_s2i_recall@10": 0.006591796875,
  "val_s2i_recall@5": 0.003173828125,
  "val_spectrum_mean_norm": 1.0,
  "val_spectrum_mean_std": 0.0674956664443016,
  "val_spectrum_valid_fraction": 0.2145592961460352
}
