{
  "checkpoint_path": "project/results/contrastive/hpo_loss_lr_temp_20260720_1320/lr1e3_temp015_s2i/best.pt",
  "fold": 0,
  "i2s_mean_rank": 1337.936279296875,
  "i2s_median_rank": 1086.0,
  "i2s_mrr": 0.004966686945408583,
  "i2s_rank_p10": 139.5,
  "i2s_rank_p90": 2988.5,
  "i2s_rank_percentile_mean": 0.6735198497772217,
  "i2s_rank_percentile_median": 0.7347985506057739,
  "i2s_recall@1": 0.00048828125,
  "i2s_recall@10": 0.005615234375,
  "i2s_recall@5": 0.0029296875,
  "image_channel_valid_fraction": 0.5191786077339202,
  "image_mean_norm": 1.0,
  "image_mean_std": 0.04698069393634796,
  "n_objects": 4096,
  "negative_cosine_mean": 0.34441784024238586,
  "negative_cosine_std": 0.3879247009754181,
  "positive_cosine_mean": 0.5739091038703918,
  "positive_cosine_std": 0.23710079491138458,
  "positive_negative_margin": 0.22949126362800598,
  "s2i_mean_rank": 1186.0400390625,
  "s2i_median_rank": 930.0,
  "s2i_mrr": 0.007214320823550224,
  "s2i_rank_p10": 109.5,
  "s2i_rank_p90": 2717.0,
  "s2i_rank_percentile_mean": 0.710612952709198,
  "s2i_rank_percentile_median": 0.7731379866600037,
  "s2i_recall@1": 0.001220703125,
  "s2i_recall@10": 0.010986328125,
  "s2i_recall@5": 0.005126953125,
  "spectrum_mean_norm": 1.0,
  "spectrum_mean_std": 0.05951257050037384,
  "spectrum_valid_fraction": 0.21432473615277559,
  "split": "test"
}
