{
  "embedding_dim": 128,
  "embeddings_path": "project/results/contrastive/remote_debug_20260715_150747/export_val32/embeddings.npz",
  "knn_kth_distance": {
    "max": 0.05800586938858032,
    "mean": 0.005480444058775902,
    "min": 0.0012069940567016602,
    "p25": 0.0015634149312973022,
    "p50": 0.0022062361240386963,
    "p75": 0.0043888092041015625,
    "p95": 0.016319286078214645,
    "std": 0.010259919799864292
  },
  "knn_mean_distance": {
    "max": 0.03457888960838318,
    "mean": 0.003096569562330842,
    "min": 0.0007727742195129395,
    "p25": 0.0010579690570011735,
    "p50": 0.001464560627937317,
    "p75": 0.002025424037128687,
    "p95": 0.008343583904206753,
    "std": 0.005979645997285843
  },
  "n_objects": 32,
  "pair_distance": {
    "max": 1.0538580417633057,
    "mean": 1.0343974828720093,
    "min": 0.986605167388916,
    "p25": 1.0278782844543457,
    "p50": 1.039300560951233,
    "p75": 1.0451148748397827,
    "p95": 1.0520594120025635,
    "std": 0.01554882526397705
  },
  "pca_explained_variance_ratio": [
    0.9195826649665833,
    0.024545984342694283
  ],
  "prefix_counts": {
    "hst_3dhst": 32
  }
}
