{
  "checkpoint_path": "project/results/contrastive/hpo_loss_lr_temp_20260720_1320/lr1e3_temp010_sym/best.pt",
  "fold": 0,
  "i2s_mean_rank": 1176.8935546875,
  "i2s_median_rank": 938.0,
  "i2s_mrr": 0.00699206069111824,
  "i2s_rank_p10": 110.0,
  "i2s_rank_p90": 2654.0,
  "i2s_rank_percentile_mean": 0.7128464579582214,
  "i2s_rank_percentile_median": 0.7709401845932007,
  "i2s_recall@1": 0.000732421875,
  "i2s_recall@10": 0.01220703125,
  "i2s_recall@5": 0.007080078125,
  "image_channel_valid_fraction": 0.5191786077339202,
  "image_mean_norm": 1.0,
  "image_mean_std": 0.041487742215394974,
  "n_objects": 4096,
  "negative_cosine_mean": 0.3529154062271118,
  "negative_cosine_std": 0.22921763360500336,
  "positive_cosine_mean": 0.5096652507781982,
  "positive_cosine_std": 0.09993919730186462,
  "positive_negative_margin": 0.15674984455108643,
  "s2i_mean_rank": 1183.357421875,
  "s2i_median_rank": 934.0,
  "s2i_mrr": 0.008185513317584991,
  "s2i_rank_p10": 105.0,
  "s2i_rank_p90": 2696.0,
  "s2i_rank_percentile_mean": 0.7112680673599243,
  "s2i_rank_percentile_median": 0.7719169855117798,
  "s2i_recall@1": 0.001708984375,
  "s2i_recall@10": 0.014404296875,
  "s2i_recall@5": 0.005859375,
  "spectrum_mean_norm": 1.0,
  "spectrum_mean_std": 0.04694453254342079,
  "spectrum_valid_fraction": 0.21432473615277559,
  "split": "test"
}
