{
  "best_epoch": 2,
  "best_n_train": 8192,
  "best_n_val": 2048,
  "best_seconds": 6.5,
  "best_train_loss": 3.8045810647308826,
  "best_val_i2s_recall@1": 0.00146484375,
  "best_val_i2s_recall@10": 0.02001953125,
  "best_val_i2s_recall@5": 0.01025390625,
  "best_val_image_channel_valid_fraction": 0.5198025275021791,
  "best_val_image_mean_norm": 1.0,
  "best_val_image_mean_std": 0.022448619827628136,
  "best_val_loss": 3.844587504863739,
  "best_val_s2i_recall@1": 0.0009765625,
  "best_val_s2i_recall@10": 0.0126953125,
  "best_val_s2i_recall@5": 0.0068359375,
  "best_val_spectrum_mean_norm": 1.0,
  "best_val_spectrum_mean_std": 0.024828247725963593,
  "best_val_spectrum_valid_fraction": 0.2120865061879158,
  "epoch": 8,
  "n_train": 8192,
  "n_val": 2048,
  "seconds": 6.347,
  "train_loss": 2.371311269700527,
  "val_i2s_recall@1": 0.00244140625,
  "val_i2s_recall@10": 0.0205078125,
  "val_i2s_recall@5": 0.0107421875,
  "val_image_channel_valid_fraction": 0.5198025275021791,
  "val_image_mean_norm": 1.0,
  "val_image_mean_std": 0.04584243893623352,
  "val_loss": 6.42372290790081,
  "val_s2i_recall@1": 0.00146484375,
  "val_s2i_recall@10": 0.01025390625,
  "val_s2i_recall@5": 0.00390625,
  "val_spectrum_mean_norm": 1.0,
  "val_spectrum_mean_std": 0.04800894856452942,
  "val_spectrum_valid_fraction": 0.2120865061879158
}
