{
  "best_epoch": 2,
  "best_learning_rate": 0.0002998882102549048,
  "best_n_train": 16384,
  "best_n_val": 4096,
  "best_seconds": 29.039,
  "best_stopped_early": false,
  "best_train_contrastive_accumulation_steps": 4.0,
  "best_train_effective_contrastive_batch_size": 128.0,
  "best_train_grad_norm": 3.414001609198749,
  "best_train_loss": 4.475272811949253,
  "best_train_optimizer_steps": 128.0,
  "best_val_i2s_mean_rank": 1204.264404296875,
  "best_val_i2s_median_rank": 973.0,
  "best_val_i2s_mrr": 0.006885087583214045,
  "best_val_i2s_rank_p10": 127.0,
  "best_val_i2s_rank_p90": 2718.0,
  "best_val_i2s_rank_percentile_mean": 0.7061625719070435,
  "best_val_i2s_rank_percentile_median": 0.7626373767852783,
  "best_val_i2s_recall@1": 0.001220703125,
  "best_val_i2s_recall@10": 0.009765625,
  "best_val_i2s_recall@5": 0.005615234375,
  "best_val_image_channel_valid_fraction": 0.52042644075118,
  "best_val_image_mean_norm": 1.0,
  "best_val_image_mean_std": 0.0312647707760334,
  "best_val_loss": 3.0991859156638384,
  "best_val_negative_cosine_mean": 0.3152490258216858,
  "best_val_negative_cosine_std": 0.12834404408931732,
  "best_val_positive_cosine_mean": 0.4033392071723938,
  "best_val_positive_cosine_std": 0.0717180147767067,
  "best_val_positive_negative_margin": 0.08809018135070801,
  "best_val_s2i_mean_rank": 1222.931640625,
  "best_val_s2i_median_rank": 980.0,
  "best_val_s2i_mrr": 0.005606479477137327,
  "best_val_s2i_rank_p10": 135.0,
  "best_val_s2i_rank_p90": 2712.0,
  "best_val_s2i_rank_percentile_mean": 0.7016039490699768,
  "best_val_s2i_rank_percentile_median": 0.7606837749481201,
  "best_val_s2i_recall@1": 0.000732421875,
  "best_val_s2i_recall@10": 0.007568359375,
  "best_val_s2i_recall@5": 0.00341796875,
  "best_val_spectrum_mean_norm": 1.0,
  "best_val_spectrum_mean_std": 0.03878731280565262,
  "best_val_spectrum_valid_fraction": 0.2145592961460352,
  "epoch": 8,
  "learning_rate": 0.00029455600928577876,
  "n_train": 16384,
  "n_val": 4096,
  "seconds": 35.98,
  "stopped_early": true,
  "train_contrastive_accumulation_steps": 4.0,
  "train_effective_contrastive_batch_size": 128.0,
  "train_grad_norm": 13.720914714038372,
  "train_loss": 3.6809410508722067,
  "train_optimizer_steps": 128.0,
  "val_i2s_mean_rank": 1326.60498046875,
  "val_i2s_median_rank": 1091.0,
  "val_i2s_mrr": 0.005486329551786184,
  "val_i2s_rank_p10": 136.0,
  "val_i2s_rank_p90": 2916.5,
  "val_i2s_rank_percentile_mean": 0.6762869358062744,
  "val_i2s_rank_percentile_median": 0.7333333492279053,
  "val_i2s_recall@1": 0.001220703125,
  "val_i2s_recall@10": 0.00732421875,
  "val_i2s_recall@5": 0.003173828125,
  "val_image_channel_valid_fraction": 0.52042644075118,
  "val_image_mean_norm": 1.0,
  "val_image_mean_std": 0.0609201043844223,
  "val_loss": 3.9215431604534388,
  "val_negative_cosine_mean": 0.3724336326122284,
  "val_negative_cosine_std": 0.26372021436691284,
  "val_positive_cosine_mean": 0.5336169600486755,
  "val_positive_cosine_std": 0.16382333636283875,
  "val_positive_negative_margin": 0.16118332743644714,
  "val_s2i_mean_rank": 1319.18798828125,
  "val_s2i_median_rank": 1093.0,
  "val_s2i_mrr": 0.004998526535928249,
  "val_s2i_rank_p10": 139.5,
  "val_s2i_rank_p90": 2850.5,
  "val_s2i_rank_percentile_mean": 0.6780981421470642,
  "val_s2i_rank_percentile_median": 0.7330890893936157,
  "val_s2i_recall@1": 0.00048828125,
  "val_s2i_recall@10": 0.007080078125,
  "val_s2i_recall@5": 0.003662109375,
  "val_spectrum_mean_norm": 1.0,
  "val_spectrum_mean_std": 0.0546233132481575,
  "val_spectrum_valid_fraction": 0.2145592961460352
}
