{
  "checkpoint_path": "project/results/contrastive/hpo_loss_lr_temp_20260720_1320/lr3e4_temp010_s2i/best.pt",
  "fold": 0,
  "i2s_mean_rank": 1474.2822265625,
  "i2s_median_rank": 1269.0,
  "i2s_mrr": 0.003985993098467588,
  "i2s_rank_p10": 206.5,
  "i2s_rank_p90": 3162.0,
  "i2s_rank_percentile_mean": 0.6402240991592407,
  "i2s_rank_percentile_median": 0.6903541088104248,
  "i2s_recall@1": 0.000244140625,
  "i2s_recall@10": 0.006591796875,
  "i2s_recall@5": 0.003173828125,
  "image_channel_valid_fraction": 0.52042644075118,
  "image_mean_norm": 1.0,
  "image_mean_std": 0.04133003577589989,
  "n_objects": 4096,
  "negative_cosine_mean": 0.4051459729671478,
  "negative_cosine_std": 0.3209783434867859,
  "positive_cosine_mean": 0.5653403401374817,
  "positive_cosine_std": 0.2476319819688797,
  "positive_negative_margin": 0.16019436717033386,
  "s2i_mean_rank": 1232.182373046875,
  "s2i_median_rank": 1014.0,
  "s2i_mrr": 0.00628642737865448,
  "s2i_rank_p10": 125.0,
  "s2i_rank_p90": 2727.0,
  "s2i_rank_percentile_mean": 0.6993449926376343,
  "s2i_rank_percentile_median": 0.7523809671401978,
  "s2i_recall@1": 0.0009765625,
  "s2i_recall@10": 0.009765625,
  "s2i_recall@5": 0.00439453125,
  "spectrum_mean_norm": 1.0,
  "spectrum_mean_std": 0.05867144465446472,
  "spectrum_valid_fraction": 0.2145592961460352,
  "split": "val"
}
