{
  "checkpoint_path": "project/results/contrastive/hpo_loss_lr_temp_20260720_1320/lr1e4_temp010_sym/best.pt",
  "fold": 0,
  "i2s_mean_rank": 1222.15673828125,
  "i2s_median_rank": 1016.0,
  "i2s_mrr": 0.006463576108217239,
  "i2s_rank_p10": 127.5,
  "i2s_rank_p90": 2682.5,
  "i2s_rank_percentile_mean": 0.7017932534217834,
  "i2s_rank_percentile_median": 0.752136766910553,
  "i2s_recall@1": 0.0009765625,
  "i2s_recall@10": 0.00927734375,
  "i2s_recall@5": 0.006103515625,
  "image_channel_valid_fraction": 0.52042644075118,
  "image_mean_norm": 1.0,
  "image_mean_std": 0.04340115562081337,
  "n_objects": 4096,
  "negative_cosine_mean": 0.36259323358535767,
  "negative_cosine_std": 0.18999703228473663,
  "positive_cosine_mean": 0.4896140396595001,
  "positive_cosine_std": 0.09144175052642822,
  "positive_negative_margin": 0.12702080607414246,
  "s2i_mean_rank": 1239.756103515625,
  "s2i_median_rank": 1004.0,
  "s2i_mrr": 0.005885763559490442,
  "s2i_rank_p10": 128.0,
  "s2i_rank_p90": 2739.5,
  "s2i_rank_percentile_mean": 0.6974954605102539,
  "s2i_rank_percentile_median": 0.7548229694366455,
  "s2i_recall@1": 0.000732421875,
  "s2i_recall@10": 0.00830078125,
  "s2i_recall@5": 0.0048828125,
  "spectrum_mean_norm": 1.0,
  "spectrum_mean_std": 0.04773302376270294,
  "spectrum_valid_fraction": 0.2145592961460352,
  "split": "val"
}
