{
  "checkpoint_path": "project/results/contrastive/hpo_loss_lr_temp_20260720_1320/lr1e4_temp015_i2s/best.pt",
  "fold": 0,
  "i2s_mean_rank": 1221.3896484375,
  "i2s_median_rank": 995.0,
  "i2s_mrr": 0.007562672719359398,
  "i2s_rank_p10": 128.0,
  "i2s_rank_p90": 2716.0,
  "i2s_rank_percentile_mean": 0.7019805312156677,
  "i2s_rank_percentile_median": 0.7572649717330933,
  "i2s_recall@1": 0.001220703125,
  "i2s_recall@10": 0.0146484375,
  "i2s_recall@5": 0.006591796875,
  "image_channel_valid_fraction": 0.52042644075118,
  "image_mean_norm": 1.0,
  "image_mean_std": 0.05175746604800224,
  "n_objects": 4096,
  "negative_cosine_mean": 0.41298267245292664,
  "negative_cosine_std": 0.2414848804473877,
  "positive_cosine_mean": 0.5647391080856323,
  "positive_cosine_std": 0.11696334183216095,
  "positive_negative_margin": 0.1517564356327057,
  "s2i_mean_rank": 1300.2421875,
  "s2i_median_rank": 1128.0,
  "s2i_mrr": 0.00502953864634037,
  "s2i_rank_p10": 148.0,
  "s2i_rank_p90": 2775.5,
  "s2i_rank_percentile_mean": 0.6827247142791748,
  "s2i_rank_percentile_median": 0.7247862815856934,
  "s2i_recall@1": 0.000732421875,
  "s2i_recall@10": 0.007080078125,
  "s2i_recall@5": 0.0029296875,
  "spectrum_mean_norm": 1.0,
  "spectrum_mean_std": 0.04704760015010834,
  "spectrum_valid_fraction": 0.2145592961460352,
  "split": "val"
}
