{
  "checkpoint_path": "project/results/contrastive/hpo_loss_lr_temp_20260720_1320/lr3e4_temp015_sym/best.pt",
  "fold": 0,
  "i2s_mean_rank": 1196.31298828125,
  "i2s_median_rank": 959.0,
  "i2s_mrr": 0.0067860158160328865,
  "i2s_rank_p10": 125.0,
  "i2s_rank_p90": 2653.0,
  "i2s_rank_percentile_mean": 0.7081042528152466,
  "i2s_rank_percentile_median": 0.7658119797706604,
  "i2s_recall@1": 0.00146484375,
  "i2s_recall@10": 0.00927734375,
  "i2s_recall@5": 0.00537109375,
  "image_channel_valid_fraction": 0.52042644075118,
  "image_mean_norm": 1.0,
  "image_mean_std": 0.05155939236283302,
  "n_objects": 4096,
  "negative_cosine_mean": 0.30420830845832825,
  "negative_cosine_std": 0.29594579339027405,
  "positive_cosine_mean": 0.512614905834198,
  "positive_cosine_std": 0.15465125441551208,
  "positive_negative_margin": 0.20840659737586975,
  "s2i_mean_rank": 1223.355224609375,
  "s2i_median_rank": 1010.0,
  "s2i_mrr": 0.005826207343488932,
  "s2i_rank_p10": 124.5,
  "s2i_rank_p90": 2693.5,
  "s2i_rank_percentile_mean": 0.7015005946159363,
  "s2i_rank_percentile_median": 0.7536019682884216,
  "s2i_recall@1": 0.0009765625,
  "s2i_recall@10": 0.0078125,
  "s2i_recall@5": 0.003662109375,
  "spectrum_mean_norm": 1.0,
  "spectrum_mean_std": 0.05705317109823227,
  "spectrum_valid_fraction": 0.2145592961460352,
  "split": "val"
}
