{
  "embedding_dim": 128,
  "embeddings_path": "project/results/contrastive/controlled_medium_20260716_213741/export_val4096/embeddings.npz",
  "knn_kth_distance": {
    "max": 0.06969696283340454,
    "mean": 0.0067537445574998856,
    "min": 0.0017620325088500977,
    "p25": 0.0037272870540618896,
    "p50": 0.005526214838027954,
    "p75": 0.008198052644729614,
    "p95": 0.015293091535568237,
    "std": 0.004638566169887781
  },
  "knn_mean_distance": {
    "max": 0.05742333456873894,
    "mean": 0.005365700460970402,
    "min": 0.001464110566303134,
    "p25": 0.0031043365597724915,
    "p50": 0.004469466395676136,
    "p75": 0.006402652245014906,
    "p95": 0.011633338406682014,
    "std": 0.0035649335477501154
  },
  "n_objects": 4096,
  "pair_distance": {
    "max": 1.0962486267089844,
    "mean": 0.5412745475769043,
    "min": 0.25042271614074707,
    "p25": 0.5078061819076538,
    "p50": 0.5366487503051758,
    "p75": 0.5747016668319702,
    "p95": 0.6764881610870361,
    "std": 0.07938843965530396
  },
  "pca_explained_variance_ratio": [
    0.7020312547683716,
    0.16363944113254547
  ],
  "prefix_counts": {
    "hst_3dhst": 4096
  }
}
