{
  "best_contrastive_loss": "symmetric_info_nce",
  "best_epoch": 5,
  "best_learning_rate": 9.94459753267812e-05,
  "best_n_train": 16384,
  "best_n_val": 4096,
  "best_seconds": 14.166,
  "best_stopped_early": false,
  "best_temperature": 0.1,
  "best_train_contrastive_accumulation_steps": 4.0,
  "best_train_effective_contrastive_batch_size": 128.0,
  "best_train_grad_norm": 5.252108870074153,
  "best_train_loss": 4.388020429760218,
  "best_train_optimizer_steps": 128.0,
  "best_val_i2s_mean_rank": 1222.15673828125,
  "best_val_i2s_median_rank": 1016.0,
  "best_val_i2s_mrr": 0.006463576108217239,
  "best_val_i2s_rank_p10": 127.5,
  "best_val_i2s_rank_p90": 2682.5,
  "best_val_i2s_rank_percentile_mean": 0.7017932534217834,
  "best_val_i2s_rank_percentile_median": 0.752136766910553,
  "best_val_i2s_recall@1": 0.0009765625,
  "best_val_i2s_recall@10": 0.00927734375,
  "best_val_i2s_recall@5": 0.006103515625,
  "best_val_image_channel_valid_fraction": 0.52042644075118,
  "best_val_image_mean_norm": 1.0,
  "best_val_image_mean_std": 0.04340115562081337,
  "best_val_loss": 3.104024203494191,
  "best_val_negative_cosine_mean": 0.36259323358535767,
  "best_val_negative_cosine_std": 0.18999703228473663,
  "best_val_positive_cosine_mean": 0.4896140396595001,
  "best_val_positive_cosine_std": 0.09144175052642822,
  "best_val_positive_negative_margin": 0.12702080607414246,
  "best_val_s2i_mean_rank": 1239.756103515625,
  "best_val_s2i_median_rank": 1004.0,
  "best_val_s2i_mrr": 0.005885763559490442,
  "best_val_s2i_rank_p10": 128.0,
  "best_val_s2i_rank_p90": 2739.5,
  "best_val_s2i_rank_percentile_mean": 0.6974954605102539,
  "best_val_s2i_rank_percentile_median": 0.7548229694366455,
  "best_val_s2i_recall@1": 0.000732421875,
  "best_val_s2i_recall@10": 0.00830078125,
  "best_val_s2i_recall@5": 0.0048828125,
  "best_val_spectrum_mean_norm": 1.0,
  "best_val_spectrum_mean_std": 0.04773302376270294,
  "best_val_spectrum_valid_fraction": 0.2145592961460352,
  "contrastive_loss": "symmetric_info_nce",
  "epoch": 11,
  "learning_rate": 9.657457896300791e-05,
  "n_train": 16384,
  "n_val": 4096,
  "seconds": 13.445,
  "stopped_early": true,
  "temperature": 0.1,
  "train_contrastive_accumulation_steps": 4.0,
  "train_effective_contrastive_batch_size": 128.0,
  "train_grad_norm": 13.449324011802673,
  "train_loss": 3.9240157678723335,
  "train_optimizer_steps": 128.0,
  "val_i2s_mean_rank": 1286.18310546875,
  "val_i2s_median_rank": 1061.0,
  "val_i2s_mrr": 0.006405318155884743,
  "val_i2s_rank_p10": 136.0,
  "val_i2s_rank_p90": 2816.0,
  "val_i2s_rank_percentile_mean": 0.6861578822135925,
  "val_i2s_rank_percentile_median": 0.7411477565765381,
  "val_i2s_recall@1": 0.001220703125,
  "val_i2s_recall@10": 0.009033203125,
  "val_i2s_recall@5": 0.00537109375,
  "val_image_channel_valid_fraction": 0.52042644075118,
  "val_image_mean_norm": 1.0,
  "val_image_mean_std": 0.06962238997220993,
  "val_loss": 3.4660291634500027,
  "val_negative_cosine_mean": 0.30666494369506836,
  "val_negative_cosine_std": 0.27675625681877136,
  "val_positive_cosine_mean": 0.4867076277732849,
  "val_positive_cosine_std": 0.163496196269989,
  "val_positive_negative_margin": 0.18004268407821655,
  "val_s2i_mean_rank": 1311.86572265625,
  "val_s2i_median_rank": 1109.0,
  "val_s2i_mrr": 0.005721383262425661,
  "val_s2i_rank_p10": 135.0,
  "val_s2i_rank_p90": 2830.5,
  "val_s2i_rank_percentile_mean": 0.6798862218856812,
  "val_s2i_rank_percentile_median": 0.7294261455535889,
  "val_s2i_recall@1": 0.00048828125,
  "val_s2i_recall@10": 0.008544921875,
  "val_s2i_recall@5": 0.0048828125,
  "val_spectrum_mean_norm": 1.0,
  "val_spectrum_mean_std": 0.061620257794857025,
  "val_spectrum_valid_fraction": 0.2145592961460352
}
