{
  "checkpoint_path": "project/results/contrastive/hpo_loss_lr_temp_20260720_1320/lr1e3_temp015_sym/best.pt",
  "fold": 0,
  "i2s_mean_rank": 1135.154541015625,
  "i2s_median_rank": 893.0,
  "i2s_mrr": 0.006728129927068949,
  "i2s_rank_p10": 106.0,
  "i2s_rank_p90": 2584.5,
  "i2s_rank_percentile_mean": 0.7230392098426819,
  "i2s_rank_percentile_median": 0.7819291949272156,
  "i2s_recall@1": 0.001220703125,
  "i2s_recall@10": 0.008544921875,
  "i2s_recall@5": 0.00439453125,
  "image_channel_valid_fraction": 0.5191786077339202,
  "image_mean_norm": 1.0,
  "image_mean_std": 0.047847479581832886,
  "n_objects": 4096,
  "negative_cosine_mean": 0.2724256217479706,
  "negative_cosine_std": 0.27976712584495544,
  "positive_cosine_mean": 0.48120301961898804,
  "positive_cosine_std": 0.14377740025520325,
  "positive_negative_margin": 0.20877739787101746,
  "s2i_mean_rank": 1163.625244140625,
  "s2i_median_rank": 909.0,
  "s2i_mrr": 0.007784070447087288,
  "s2i_rank_p10": 109.5,
  "s2i_rank_p90": 2658.5,
  "s2i_rank_percentile_mean": 0.7160865664482117,
  "s2i_rank_percentile_median": 0.7780219912528992,
  "s2i_recall@1": 0.001953125,
  "s2i_recall@10": 0.01220703125,
  "s2i_recall@5": 0.005859375,
  "spectrum_mean_norm": 1.0,
  "spectrum_mean_std": 0.054533615708351135,
  "spectrum_valid_fraction": 0.21432473615277559,
  "split": "test"
}
