{
  "checkpoint_path": "project/results/contrastive/hpo_loss_lr_temp_20260720_1320/lr1e4_temp010_i2s/best.pt",
  "fold": 0,
  "i2s_mean_rank": 1208.20947265625,
  "i2s_median_rank": 986.0,
  "i2s_mrr": 0.006319461390376091,
  "i2s_rank_p10": 120.5,
  "i2s_rank_p90": 2676.0,
  "i2s_rank_percentile_mean": 0.705199122428894,
  "i2s_rank_percentile_median": 0.7592185735702515,
  "i2s_recall@1": 0.0009765625,
  "i2s_recall@10": 0.0107421875,
  "i2s_recall@5": 0.00390625,
  "image_channel_valid_fraction": 0.52042644075118,
  "image_mean_norm": 1.0,
  "image_mean_std": 0.047569841146469116,
  "n_objects": 4096,
  "negative_cosine_mean": 0.3992021083831787,
  "negative_cosine_std": 0.2023894190788269,
  "positive_cosine_mean": 0.5264531373977661,
  "positive_cosine_std": 0.0965091735124588,
  "positive_negative_margin": 0.1272510290145874,
  "s2i_mean_rank": 1293.35205078125,
  "s2i_median_rank": 1109.0,
  "s2i_mrr": 0.004629237577319145,
  "s2i_rank_p10": 144.0,
  "s2i_rank_p90": 2780.0,
  "s2i_rank_percentile_mean": 0.6844072937965393,
  "s2i_rank_percentile_median": 0.7291818857192993,
  "s2i_recall@1": 0.000244140625,
  "s2i_recall@10": 0.007080078125,
  "s2i_recall@5": 0.002685546875,
  "spectrum_mean_norm": 1.0,
  "spectrum_mean_std": 0.04406324774026871,
  "spectrum_valid_fraction": 0.2145592961460352,
  "split": "val"
}
