{
  "checkpoint_path": "project/results/contrastive/hpo_loss_lr_temp_20260720_1320/lr1e3_temp015_i2s/best.pt",
  "fold": 0,
  "i2s_mean_rank": 1123.105224609375,
  "i2s_median_rank": 881.0,
  "i2s_mrr": 0.007420050911605358,
  "i2s_rank_p10": 101.0,
  "i2s_rank_p90": 2571.5,
  "i2s_rank_percentile_mean": 0.725981593132019,
  "i2s_rank_percentile_median": 0.7851037979125977,
  "i2s_recall@1": 0.001220703125,
  "i2s_recall@10": 0.011474609375,
  "i2s_recall@5": 0.005615234375,
  "image_channel_valid_fraction": 0.5191786077339202,
  "image_mean_norm": 1.0,
  "image_mean_std": 0.05715852603316307,
  "n_objects": 4096,
  "negative_cosine_mean": 0.4279288053512573,
  "negative_cosine_std": 0.3327285051345825,
  "positive_cosine_mean": 0.6509549617767334,
  "positive_cosine_std": 0.15182940661907196,
  "positive_negative_margin": 0.22302615642547607,
  "s2i_mean_rank": 1232.273193359375,
  "s2i_median_rank": 998.0,
  "s2i_mrr": 0.005188551731407642,
  "s2i_rank_p10": 131.0,
  "s2i_rank_p90": 2738.0,
  "s2i_rank_percentile_mean": 0.6993227601051331,
  "s2i_rank_percentile_median": 0.7560439705848694,
  "s2i_recall@1": 0.0,
  "s2i_recall@10": 0.00830078125,
  "s2i_recall@5": 0.004150390625,
  "spectrum_mean_norm": 1.0,
  "spectrum_mean_std": 0.04997030273079872,
  "spectrum_valid_fraction": 0.21432473615277559,
  "split": "test"
}
