{
  "checkpoint_path": "project/results/contrastive/hpo_loss_lr_temp_20260720_1320/lr1e4_temp015_i2s/best.pt",
  "fold": 0,
  "i2s_mean_rank": 1235.536865234375,
  "i2s_median_rank": 1011.0,
  "i2s_mrr": 0.007013335824012756,
  "i2s_rank_p10": 120.0,
  "i2s_rank_p90": 2755.5,
  "i2s_rank_percentile_mean": 0.6985257863998413,
  "i2s_rank_percentile_median": 0.7531135678291321,
  "i2s_recall@1": 0.001708984375,
  "i2s_recall@10": 0.010986328125,
  "i2s_recall@5": 0.005615234375,
  "image_channel_valid_fraction": 0.5191786077339202,
  "image_mean_norm": 1.0,
  "image_mean_std": 0.05147554352879524,
  "n_objects": 4096,
  "negative_cosine_mean": 0.4139397144317627,
  "negative_cosine_std": 0.24307991564273834,
  "positive_cosine_mean": 0.5655403137207031,
  "positive_cosine_std": 0.11544039845466614,
  "positive_negative_margin": 0.15160059928894043,
  "s2i_mean_rank": 1302.23095703125,
  "s2i_median_rank": 1111.0,
  "s2i_mrr": 0.004824701696634293,
  "s2i_rank_p10": 150.0,
  "s2i_rank_p90": 2766.5,
  "s2i_rank_percentile_mean": 0.6822391152381897,
  "s2i_rank_percentile_median": 0.7289377450942993,
  "s2i_recall@1": 0.00048828125,
  "s2i_recall@10": 0.005615234375,
  "s2i_recall@5": 0.0029296875,
  "spectrum_mean_norm": 1.0,
  "spectrum_mean_std": 0.04691975191235542,
  "spectrum_valid_fraction": 0.21432473615277559,
  "split": "test"
}
