{
  "embedding_dim": 128,
  "embeddings_path": "outputs/contrastive/medium_20260715_161821/export_val2048/embeddings.npz",
  "knn_kth_distance": {
    "max": 0.02790665626525879,
    "mean": 0.0034349397756159306,
    "min": 0.000713348388671875,
    "p25": 0.0018555819988250732,
    "p50": 0.0029932260513305664,
    "p75": 0.00430336594581604,
    "p95": 0.007457011844962835,
    "std": 0.002280048793181777
  },
  "knn_mean_distance": {
    "max": 0.024115359410643578,
    "mean": 0.0025426342617720366,
    "min": 0.0005450904136523604,
    "p25": 0.0013951495056971908,
    "p50": 0.0021864473819732666,
    "p75": 0.0031880035530775785,
    "p95": 0.0053327265195548534,
    "std": 0.0016973897581920028
  },
  "n_objects": 2048,
  "pair_distance": {
    "max": 0.8332128524780273,
    "mean": 0.4937317371368408,
    "min": 0.2859989404678345,
    "p25": 0.4590730667114258,
    "p50": 0.48824578523635864,
    "p75": 0.5240142941474915,
    "p95": 0.6037952303886414,
    "std": 0.06587578356266022
  },
  "pca_explained_variance_ratio": [
    0.7432976961135864,
    0.1922609955072403
  ],
  "prefix_counts": {
    "hst_3dhst": 2048
  }
}
