{
  "checkpoint_path": "project/results/contrastive/hpo_loss_lr_temp_20260720_1320/lr1e4_temp015_s2i/best.pt",
  "fold": 0,
  "i2s_mean_rank": 1439.408935546875,
  "i2s_median_rank": 1183.0,
  "i2s_mrr": 0.005449601449072361,
  "i2s_rank_p10": 157.5,
  "i2s_rank_p90": 3170.5,
  "i2s_rank_percentile_mean": 0.6487401127815247,
  "i2s_rank_percentile_median": 0.7113553285598755,
  "i2s_recall@1": 0.0009765625,
  "i2s_recall@10": 0.008544921875,
  "i2s_recall@5": 0.00341796875,
  "image_channel_valid_fraction": 0.5191786077339202,
  "image_mean_norm": 1.0,
  "image_mean_std": 0.04793504253029823,
  "n_objects": 4096,
  "negative_cosine_mean": 0.39649033546447754,
  "negative_cosine_std": 0.34111255407333374,
  "positive_cosine_mean": 0.5759224891662598,
  "positive_cosine_std": 0.25398489832878113,
  "positive_negative_margin": 0.17943215370178223,
  "s2i_mean_rank": 1270.796630859375,
  "s2i_median_rank": 1045.0,
  "s2i_mrr": 0.005916924215853214,
  "s2i_rank_p10": 125.0,
  "s2i_rank_p90": 2790.5,
  "s2i_rank_percentile_mean": 0.6899154186248779,
  "s2i_rank_percentile_median": 0.7445665597915649,
  "s2i_recall@1": 0.0009765625,
  "s2i_recall@10": 0.0078125,
  "s2i_recall@5": 0.00439453125,
  "spectrum_mean_norm": 1.0,
  "spectrum_mean_std": 0.06231645494699478,
  "spectrum_valid_fraction": 0.21432473615277559,
  "split": "test"
}
