{
  "embedding_dim": 128,
  "embeddings_path": "project/results/contrastive/normalized_medium_20260715_173724/export_val2048/embeddings.npz",
  "knn_kth_distance": {
    "max": 0.053496599197387695,
    "mean": 0.004172131419181824,
    "min": 0.000710904598236084,
    "p25": 0.0019139647483825684,
    "p50": 0.003166407346725464,
    "p75": 0.004997953772544861,
    "p95": 0.01005830243229866,
    "std": 0.0040400950238108635
  },
  "knn_mean_distance": {
    "max": 0.03718249127268791,
    "mean": 0.0030069740023463964,
    "min": 0.0005514323711395264,
    "p25": 0.0013989836443215609,
    "p50": 0.0022338898852467537,
    "p75": 0.0036093220114707947,
    "p95": 0.007311980240046978,
    "std": 0.002880158368498087
  },
  "n_objects": 2048,
  "pair_distance": {
    "max": 0.9269075393676758,
    "mean": 0.446429967880249,
    "min": 0.14781880378723145,
    "p25": 0.4145162105560303,
    "p50": 0.44540125131607056,
    "p75": 0.48420917987823486,
    "p95": 0.5821714401245117,
    "std": 0.08605851233005524
  },
  "pca_explained_variance_ratio": [
    0.7372701168060303,
    0.17290981113910675
  ],
  "prefix_counts": {
    "hst_3dhst": 2048
  }
}
