{
  "checkpoint_path": "project/results/contrastive/accum_medium_20260717_1515/best.pt",
  "fold": 0,
  "i2s_mean_rank": 1204.264404296875,
  "i2s_median_rank": 973.0,
  "i2s_mrr": 0.006885087583214045,
  "i2s_rank_p10": 127.0,
  "i2s_rank_p90": 2718.0,
  "i2s_rank_percentile_mean": 0.7061625719070435,
  "i2s_rank_percentile_median": 0.7626373767852783,
  "i2s_recall@1": 0.001220703125,
  "i2s_recall@10": 0.009765625,
  "i2s_recall@5": 0.005615234375,
  "image_channel_valid_fraction": 0.52042644075118,
  "image_mean_norm": 1.0,
  "image_mean_std": 0.0312647707760334,
  "n_objects": 4096,
  "negative_cosine_mean": 0.3152490258216858,
  "negative_cosine_std": 0.12834404408931732,
  "positive_cosine_mean": 0.4033392071723938,
  "positive_cosine_std": 0.0717180147767067,
  "positive_negative_margin": 0.08809018135070801,
  "s2i_mean_rank": 1222.931640625,
  "s2i_median_rank": 980.0,
  "s2i_mrr": 0.005606479477137327,
  "s2i_rank_p10": 135.0,
  "s2i_rank_p90": 2712.0,
  "s2i_rank_percentile_mean": 0.7016039490699768,
  "s2i_rank_percentile_median": 0.7606837749481201,
  "s2i_recall@1": 0.000732421875,
  "s2i_recall@10": 0.007568359375,
  "s2i_recall@5": 0.00341796875,
  "spectrum_mean_norm": 1.0,
  "spectrum_mean_std": 0.03878731280565262,
  "spectrum_valid_fraction": 0.2145592961460352,
  "split": "val"
}
