{
  "checkpoint_path": "project/results/contrastive/accum_temp_sweep_20260717_1918/temp003/best.pt",
  "fold": 0,
  "i2s_mean_rank": 1206.11865234375,
  "i2s_median_rank": 969.0,
  "i2s_mrr": 0.007436787709593773,
  "i2s_rank_p10": 120.0,
  "i2s_rank_p90": 2709.0,
  "i2s_rank_percentile_mean": 0.70570969581604,
  "i2s_rank_percentile_median": 0.7633699774742126,
  "i2s_recall@1": 0.001220703125,
  "i2s_recall@10": 0.0126953125,
  "i2s_recall@5": 0.00732421875,
  "image_channel_valid_fraction": 0.52042644075118,
  "image_mean_norm": 1.0,
  "image_mean_std": 0.023127125576138496,
  "n_objects": 4096,
  "negative_cosine_mean": 0.30335569381713867,
  "negative_cosine_std": 0.058099132031202316,
  "positive_cosine_mean": 0.3414043188095093,
  "positive_cosine_std": 0.0305467639118433,
  "positive_negative_margin": 0.038048624992370605,
  "s2i_mean_rank": 1222.280517578125,
  "s2i_median_rank": 986.0,
  "s2i_mrr": 0.005969720426946878,
  "s2i_rank_p10": 126.5,
  "s2i_rank_p90": 2699.5,
  "s2i_rank_percentile_mean": 0.7017630338668823,
  "s2i_rank_percentile_median": 0.7592185735702515,
  "s2i_recall@1": 0.001220703125,
  "s2i_recall@10": 0.00634765625,
  "s2i_recall@5": 0.0029296875,
  "spectrum_mean_norm": 1.0,
  "spectrum_mean_std": 0.026557307690382004,
  "spectrum_valid_fraction": 0.2145592961460352,
  "split": "val"
}
