{
  "embeddings_path": "project/results/contrastive/long_simple_pat20_20260717_140310/export_val8192/embeddings.npz",
  "i2s_mean_rank": 2110.376953125,
  "i2s_median_rank": 1587.0,
  "i2s_mrr": 0.004293390084058046,
  "i2s_rank_p10": 189.0,
  "i2s_rank_p90": 4855.89990234375,
  "i2s_rank_percentile_mean": 0.742476224899292,
  "i2s_rank_percentile_median": 0.806372880935669,
  "i2s_recall@1": 0.0008544921875,
  "i2s_recall@10": 0.005615234375,
  "i2s_recall@5": 0.0029296875,
  "n_objects": 8192,
  "s2i_mean_rank": 2145.37646484375,
  "s2i_median_rank": 1638.0,
  "s2i_mrr": 0.003858372336253524,
  "s2i_rank_p10": 190.0,
  "s2i_rank_p90": 4993.0,
  "s2i_rank_percentile_mean": 0.7382033467292786,
  "s2i_rank_percentile_median": 0.8001465201377869,
  "s2i_recall@1": 0.000244140625,
  "s2i_recall@10": 0.0052490234375,
  "s2i_recall@5": 0.00244140625
}
