{
  "best_contrastive_loss": "image_to_spectrum_info_nce",
  "best_epoch": 2,
  "best_learning_rate": 0.000999618372939158,
  "best_n_train": 16384,
  "best_n_val": 4096,
  "best_seconds": 13.024,
  "best_stopped_early": false,
  "best_temperature": 0.1,
  "best_train_contrastive_accumulation_steps": 4.0,
  "best_train_effective_contrastive_batch_size": 128.0,
  "best_train_grad_norm": 2.429109826683998,
  "best_train_loss": 4.462466321885586,
  "best_train_optimizer_steps": 128.0,
  "best_val_i2s_mean_rank": 1194.75732421875,
  "best_val_i2s_median_rank": 979.0,
  "best_val_i2s_mrr": 0.007206507958471775,
  "best_val_i2s_rank_p10": 120.5,
  "best_val_i2s_rank_p90": 2667.5,
  "best_val_i2s_rank_percentile_mean": 0.7084841728210449,
  "best_val_i2s_rank_percentile_median": 0.7609279751777649,
  "best_val_i2s_recall@1": 0.001953125,
  "best_val_i2s_recall@10": 0.01025390625,
  "best_val_i2s_recall@5": 0.006103515625,
  "best_val_image_channel_valid_fraction": 0.52042644075118,
  "best_val_image_mean_norm": 1.0,
  "best_val_image_mean_std": 0.04547677934169769,
  "best_val_loss": 3.0814793054014444,
  "best_val_negative_cosine_mean": 0.5057794451713562,
  "best_val_negative_cosine_std": 0.21347950398921967,
  "best_val_positive_cosine_mean": 0.618334949016571,
  "best_val_positive_cosine_std": 0.1349526047706604,
  "best_val_positive_negative_margin": 0.11255550384521484,
  "best_val_s2i_mean_rank": 1569.15966796875,
  "best_val_s2i_median_rank": 1412.0,
  "best_val_s2i_mrr": 0.00443161791190505,
  "best_val_s2i_rank_p10": 166.5,
  "best_val_s2i_rank_p90": 3234.0,
  "best_val_s2i_rank_percentile_mean": 0.6170549988746643,
  "best_val_s2i_rank_percentile_median": 0.6551892757415771,
  "best_val_s2i_recall@1": 0.000732421875,
  "best_val_s2i_recall@10": 0.00537109375,
  "best_val_s2i_recall@5": 0.002685546875,
  "best_val_spectrum_mean_norm": 1.0,
  "best_val_spectrum_mean_std": 0.03418192267417908,
  "best_val_spectrum_valid_fraction": 0.2145592961460352,
  "contrastive_loss": "image_to_spectrum_info_nce",
  "epoch": 8,
  "learning_rate": 0.0009814153420445555,
  "n_train": 16384,
  "n_val": 4096,
  "seconds": 13.111,
  "stopped_early": true,
  "temperature": 0.1,
  "train_contrastive_accumulation_steps": 4.0,
  "train_effective_contrastive_batch_size": 128.0,
  "train_grad_norm": 4.695367863401771,
  "train_loss": 3.9563111253082752,
  "train_optimizer_steps": 128.0,
  "val_i2s_mean_rank": 1303.69970703125,
  "val_i2s_median_rank": 1106.0,
  "val_i2s_mrr": 0.005619168281555176,
  "val_i2s_rank_p10": 135.0,
  "val_i2s_rank_p90": 2810.5,
  "val_i2s_rank_percentile_mean": 0.6818804144859314,
  "val_i2s_rank_percentile_median": 0.7296702861785889,
  "val_i2s_recall@1": 0.000732421875,
  "val_i2s_recall@10": 0.00830078125,
  "val_i2s_recall@5": 0.0048828125,
  "val_image_channel_valid_fraction": 0.52042644075118,
  "val_image_mean_norm": 1.0,
  "val_image_mean_std": 0.05343082174658775,
  "val_loss": 3.363993603736162,
  "val_negative_cosine_mean": 0.4712216258049011,
  "val_negative_cosine_std": 0.28354665637016296,
  "val_positive_cosine_mean": 0.6325088143348694,
  "val_positive_cosine_std": 0.1416013389825821,
  "val_positive_negative_margin": 0.16128718852996826,
  "val_s2i_mean_rank": 1327.846435546875,
  "val_s2i_median_rank": 1141.0,
  "val_s2i_mrr": 0.005020592827349901,
  "val_s2i_rank_p10": 152.0,
  "val_s2i_rank_p90": 2826.0,
  "val_s2i_rank_percentile_mean": 0.675983726978302,
  "val_s2i_rank_percentile_median": 0.721611738204956,
  "val_s2i_recall@1": 0.000732421875,
  "val_s2i_recall@10": 0.00634765625,
  "val_s2i_recall@5": 0.00244140625,
  "val_spectrum_mean_norm": 1.0,
  "val_spectrum_mean_std": 0.04997134581208229,
  "val_spectrum_valid_fraction": 0.2145592961460352
}
