{
  "best_epoch": 1,
  "best_learning_rate": 0.0003,
  "best_n_train": 512,
  "best_n_val": 128,
  "best_seconds": 1.332,
  "best_stopped_early": false,
  "best_train_grad_norm": 2.4875663071870804,
  "best_train_loss": 3.4723169654607773,
  "best_val_i2s_recall@1": 0.0078125,
  "best_val_i2s_recall@10": 0.078125,
  "best_val_i2s_recall@5": 0.0390625,
  "best_val_image_channel_valid_fraction": 0.5225694477558136,
  "best_val_image_mean_norm": 1.0,
  "best_val_image_mean_std": 0.001374037703499198,
  "best_val_loss": 3.4658284783363342,
  "best_val_negative_cosine_mean": 0.07469552010297775,
  "best_val_negative_cosine_std": 0.001339531154371798,
  "best_val_positive_cosine_mean": 0.0746951475739479,
  "best_val_positive_cosine_std": 0.0012582892086356878,
  "best_val_positive_negative_margin": -3.725290298461914e-07,
  "best_val_s2i_recall@1": 0.0078125,
  "best_val_s2i_recall@10": 0.0703125,
  "best_val_s2i_recall@5": 0.0390625,
  "best_val_spectrum_mean_norm": 1.0,
  "best_val_spectrum_mean_std": 0.0005064569413661957,
  "best_val_spectrum_valid_fraction": 0.2156207598745823,
  "epoch": 3,
  "learning_rate": 8.250000000000003e-05,
  "n_train": 512,
  "n_val": 128,
  "seconds": 0.527,
  "stopped_early": true,
  "train_grad_norm": 2.847763240337372,
  "train_loss": 3.3547056764364243,
  "val_i2s_recall@1": 0.015625,
  "val_i2s_recall@10": 0.078125,
  "val_i2s_recall@5": 0.0390625,
  "val_image_channel_valid_fraction": 0.5225694477558136,
  "val_image_mean_norm": 1.0,
  "val_image_mean_std": 0.019242797046899796,
  "val_loss": 3.4658904671669006,
  "val_negative_cosine_mean": 0.034755147993564606,
  "val_negative_cosine_std": 0.05590638890862465,
  "val_positive_cosine_mean": 0.04657813534140587,
  "val_positive_cosine_std": 0.05121779069304466,
  "val_positive_negative_margin": 0.011822987347841263,
  "val_s2i_recall@1": 0.0,
  "val_s2i_recall@10": 0.1171875,
  "val_s2i_recall@5": 0.0625,
  "val_spectrum_mean_norm": 1.0,
  "val_spectrum_mean_std": 0.01935786008834839,
  "val_spectrum_valid_fraction": 0.2156207598745823
}
