{
  "checkpoint_path": "project/results/contrastive/hpo_loss_lr_temp_20260720_1320/lr1e3_temp015_sym/best.pt",
  "fold": 0,
  "i2s_mean_rank": 1138.75244140625,
  "i2s_median_rank": 891.0,
  "i2s_mrr": 0.007291395682841539,
  "i2s_rank_p10": 110.0,
  "i2s_rank_p90": 2592.5,
  "i2s_rank_percentile_mean": 0.7221605777740479,
  "i2s_rank_percentile_median": 0.7824175953865051,
  "i2s_recall@1": 0.001220703125,
  "i2s_recall@10": 0.011962890625,
  "i2s_recall@5": 0.006103515625,
  "image_channel_valid_fraction": 0.52042644075118,
  "image_mean_norm": 1.0,
  "image_mean_std": 0.04811032488942146,
  "n_objects": 4096,
  "negative_cosine_mean": 0.2698851525783539,
  "negative_cosine_std": 0.28046730160713196,
  "positive_cosine_mean": 0.47852739691734314,
  "positive_cosine_std": 0.146378755569458,
  "positive_negative_margin": 0.20864224433898926,
  "s2i_mean_rank": 1168.525634765625,
  "s2i_median_rank": 940.0,
  "s2i_mrr": 0.00735292537137866,
  "s2i_rank_p10": 109.0,
  "s2i_rank_p90": 2697.5,
  "s2i_rank_percentile_mean": 0.7148900032043457,
  "s2i_rank_percentile_median": 0.7706959843635559,
  "s2i_recall@1": 0.00146484375,
  "s2i_recall@10": 0.01171875,
  "s2i_recall@5": 0.005615234375,
  "spectrum_mean_norm": 1.0,
  "spectrum_mean_std": 0.054859790951013565,
  "spectrum_valid_fraction": 0.2145592961460352,
  "split": "val"
}
