{
  "checkpoint_path": "project/results/contrastive/accum_temp_sweep_20260717_1918/temp003/best.pt",
  "fold": 0,
  "i2s_mean_rank": 1207.69970703125,
  "i2s_median_rank": 967.0,
  "i2s_mrr": 0.005736163817346096,
  "i2s_rank_p10": 109.0,
  "i2s_rank_p90": 2735.0,
  "i2s_rank_percentile_mean": 0.7053235769271851,
  "i2s_rank_percentile_median": 0.764102578163147,
  "i2s_recall@1": 0.000244140625,
  "i2s_recall@10": 0.01025390625,
  "i2s_recall@5": 0.004150390625,
  "image_channel_valid_fraction": 0.5191786077339202,
  "image_mean_norm": 1.0,
  "image_mean_std": 0.023112822324037552,
  "n_objects": 4096,
  "negative_cosine_mean": 0.3031790256500244,
  "negative_cosine_std": 0.05916277691721916,
  "positive_cosine_mean": 0.3418319821357727,
  "positive_cosine_std": 0.031074462458491325,
  "positive_negative_margin": 0.03865295648574829,
  "s2i_mean_rank": 1215.38037109375,
  "s2i_median_rank": 949.0,
  "s2i_mrr": 0.007376403547823429,
  "s2i_rank_p10": 129.5,
  "s2i_rank_p90": 2723.5,
  "s2i_rank_percentile_mean": 0.7034480571746826,
  "s2i_rank_percentile_median": 0.7684981822967529,
  "s2i_recall@1": 0.001953125,
  "s2i_recall@10": 0.011474609375,
  "s2i_recall@5": 0.005859375,
  "spectrum_mean_norm": 1.0,
  "spectrum_mean_std": 0.026506345719099045,
  "spectrum_valid_fraction": 0.21432473615277559,
  "split": "test"
}
