{
  "embedding_dim": 128,
  "embeddings_path": "project/results/contrastive/medium_20260715_161821/export_test2048/embeddings.npz",
  "knn_kth_distance": {
    "max": 0.027047157287597656,
    "mean": 0.0033593387342989445,
    "min": 0.0005793571472167969,
    "p25": 0.0017738789319992065,
    "p50": 0.0028381645679473877,
    "p75": 0.004316419363021851,
    "p95": 0.007295323070138693,
    "std": 0.0022308696061372757
  },
  "knn_mean_distance": {
    "max": 0.018552815541625023,
    "mean": 0.0024749923031777143,
    "min": 0.0004400074540171772,
    "p25": 0.001312616397626698,
    "p50": 0.002123317215591669,
    "p75": 0.0031540347263216972,
    "p95": 0.005219956859946251,
    "std": 0.0016265306621789932
  },
  "n_objects": 2048,
  "pair_distance": {
    "max": 0.9400097131729126,
    "mean": 0.4926951825618744,
    "min": 0.2835891842842102,
    "p25": 0.4565978944301605,
    "p50": 0.4867148995399475,
    "p75": 0.5217210054397583,
    "p95": 0.6094055771827698,
    "std": 0.06728794425725937
  },
  "pca_explained_variance_ratio": [
    0.7362135052680969,
    0.19886237382888794
  ],
  "prefix_counts": {
    "hst_3dhst": 2048
  }
}
