{
  "best_contrastive_loss": "spectrum_to_image_info_nce",
  "best_epoch": 5,
  "best_learning_rate": 9.94459753267812e-05,
  "best_n_train": 16384,
  "best_n_val": 4096,
  "best_seconds": 13.877,
  "best_stopped_early": false,
  "best_temperature": 0.1,
  "best_train_contrastive_accumulation_steps": 4.0,
  "best_train_effective_contrastive_batch_size": 128.0,
  "best_train_grad_norm": 5.571376411244273,
  "best_train_loss": 4.369737856090069,
  "best_train_optimizer_steps": 128.0,
  "best_val_i2s_mean_rank": 1430.836669921875,
  "best_val_i2s_median_rank": 1192.0,
  "best_val_i2s_mrr": 0.0037759277038276196,
  "best_val_i2s_rank_p10": 179.5,
  "best_val_i2s_rank_p90": 3077.5,
  "best_val_i2s_rank_percentile_mean": 0.6508335471153259,
  "best_val_i2s_rank_percentile_median": 0.7089133262634277,
  "best_val_i2s_recall@1": 0.000244140625,
  "best_val_i2s_recall@10": 0.006103515625,
  "best_val_i2s_recall@5": 0.0009765625,
  "best_val_image_channel_valid_fraction": 0.52042644075118,
  "best_val_image_mean_norm": 1.0,
  "best_val_image_mean_std": 0.04433676600456238,
  "best_val_loss": 3.098787685856223,
  "best_val_negative_cosine_mean": 0.41886043548583984,
  "best_val_negative_cosine_std": 0.26911690831184387,
  "best_val_positive_cosine_mean": 0.562099277973175,
  "best_val_positive_cosine_std": 0.20350424945354462,
  "best_val_positive_negative_margin": 0.1432388424873352,
  "best_val_s2i_mean_rank": 1233.27587890625,
  "best_val_s2i_median_rank": 1001.0,
  "best_val_s2i_mrr": 0.005685930140316486,
  "best_val_s2i_rank_p10": 124.0,
  "best_val_s2i_rank_p90": 2731.5,
  "best_val_s2i_rank_percentile_mean": 0.6990779042243958,
  "best_val_s2i_rank_percentile_median": 0.7555555701255798,
  "best_val_s2i_recall@1": 0.000732421875,
  "best_val_s2i_recall@10": 0.008056640625,
  "best_val_s2i_recall@5": 0.0029296875,
  "best_val_spectrum_mean_norm": 1.0,
  "best_val_spectrum_mean_std": 0.059669509530067444,
  "best_val_spectrum_valid_fraction": 0.2145592961460352,
  "contrastive_loss": "spectrum_to_image_info_nce",
  "epoch": 11,
  "learning_rate": 9.657457896300791e-05,
  "n_train": 16384,
  "n_val": 4096,
  "seconds": 13.21,
  "stopped_early": true,
  "temperature": 0.1,
  "train_contrastive_accumulation_steps": 4.0,
  "train_effective_contrastive_batch_size": 128.0,
  "train_grad_norm": 12.054788887500763,
  "train_loss": 3.9075627718120813,
  "train_optimizer_steps": 128.0,
  "val_i2s_mean_rank": 1366.181884765625,
  "val_i2s_median_rank": 1151.0,
  "val_i2s_mrr": 0.005377616733312607,
  "val_i2s_rank_p10": 151.0,
  "val_i2s_rank_p90": 2935.5,
  "val_i2s_rank_percentile_mean": 0.6666222810745239,
  "val_i2s_rank_percentile_median": 0.7189254760742188,
  "val_i2s_recall@1": 0.0009765625,
  "val_i2s_recall@10": 0.008056640625,
  "val_i2s_recall@5": 0.004150390625,
  "val_image_channel_valid_fraction": 0.52042644075118,
  "val_image_mean_norm": 1.0,
  "val_image_mean_std": 0.06594713032245636,
  "val_loss": 3.433628339320421,
  "val_negative_cosine_mean": 0.25826799869537354,
  "val_negative_cosine_std": 0.33301061391830444,
  "val_positive_cosine_mean": 0.4566650986671448,
  "val_positive_cosine_std": 0.2433800995349884,
  "val_positive_negative_margin": 0.19839709997177124,
  "val_s2i_mean_rank": 1308.048095703125,
  "val_s2i_median_rank": 1093.0,
  "val_s2i_mrr": 0.006613450590521097,
  "val_s2i_rank_p10": 134.0,
  "val_s2i_rank_p90": 2869.0,
  "val_s2i_rank_percentile_mean": 0.680818498134613,
  "val_s2i_rank_percentile_median": 0.7330890893936157,
  "val_s2i_recall@1": 0.00146484375,
  "val_s2i_recall@10": 0.009521484375,
  "val_s2i_recall@5": 0.005859375,
  "val_spectrum_mean_norm": 1.0,
  "val_spectrum_mean_std": 0.0714954286813736,
  "val_spectrum_valid_fraction": 0.2145592961460352
}
