{
  "checkpoint_path": "project/results/contrastive/hpo_loss_lr_temp_20260720_1320/lr3e4_temp015_s2i/best.pt",
  "fold": 0,
  "i2s_mean_rank": 1397.19140625,
  "i2s_median_rank": 1164.0,
  "i2s_mrr": 0.004303636960685253,
  "i2s_rank_p10": 187.0,
  "i2s_rank_p90": 3009.5,
  "i2s_rank_percentile_mean": 0.6590496897697449,
  "i2s_rank_percentile_median": 0.7159950733184814,
  "i2s_recall@1": 0.000244140625,
  "i2s_recall@10": 0.005859375,
  "i2s_recall@5": 0.00390625,
  "image_channel_valid_fraction": 0.52042644075118,
  "image_mean_norm": 1.0,
  "image_mean_std": 0.04889891669154167,
  "n_objects": 4096,
  "negative_cosine_mean": 0.3287949562072754,
  "negative_cosine_std": 0.3895616829395294,
  "positive_cosine_mean": 0.5498786568641663,
  "positive_cosine_std": 0.270700603723526,
  "positive_negative_margin": 0.22108370065689087,
  "s2i_mean_rank": 1225.341064453125,
  "s2i_median_rank": 995.0,
  "s2i_mrr": 0.006066590081900358,
  "s2i_rank_p10": 126.0,
  "s2i_rank_p90": 2695.0,
  "s2i_rank_percentile_mean": 0.7010156512260437,
  "s2i_rank_percentile_median": 0.7572649717330933,
  "s2i_recall@1": 0.001220703125,
  "s2i_recall@10": 0.0087890625,
  "s2i_recall@5": 0.00390625,
  "spectrum_mean_norm": 1.0,
  "spectrum_mean_std": 0.06460598111152649,
  "spectrum_valid_fraction": 0.2145592961460352,
  "split": "val"
}
