{
  "best_epoch": 3,
  "best_n_train": 8192,
  "best_n_val": 2048,
  "best_seconds": 6.285,
  "best_train_loss": 3.775361020117998,
  "best_val_i2s_recall@1": 0.0,
  "best_val_i2s_recall@10": 0.0185546875,
  "best_val_i2s_recall@5": 0.009765625,
  "best_val_image_channel_valid_fraction": 0.5198025275021791,
  "best_val_image_mean_norm": 1.0,
  "best_val_image_mean_std": 0.03151868283748627,
  "best_val_loss": 3.8578811287879944,
  "best_val_s2i_recall@1": 0.0029296875,
  "best_val_s2i_recall@10": 0.0166015625,
  "best_val_s2i_recall@5": 0.00927734375,
  "best_val_spectrum_mean_norm": 1.0,
  "best_val_spectrum_mean_std": 0.0386165976524353,
  "best_val_spectrum_valid_fraction": 0.2120865061879158,
  "epoch": 8,
  "n_train": 8192,
  "n_val": 2048,
  "seconds": 6.261,
  "train_loss": 2.9879727382212877,
  "val_i2s_recall@1": 0.001953125,
  "val_i2s_recall@10": 0.013671875,
  "val_i2s_recall@5": 0.00732421875,
  "val_image_channel_valid_fraction": 0.5198025275021791,
  "val_image_mean_norm": 1.0,
  "val_image_mean_std": 0.06284758448600769,
  "val_loss": 5.046294912695885,
  "val_s2i_recall@1": 0.00146484375,
  "val_s2i_recall@10": 0.01513671875,
  "val_s2i_recall@5": 0.0078125,
  "val_spectrum_mean_norm": 1.0,
  "val_spectrum_mean_std": 0.0572885237634182,
  "val_spectrum_valid_fraction": 0.2120865061879158
}
