{
  "best_contrastive_loss": "image_to_spectrum_info_nce",
  "best_epoch": 4,
  "best_learning_rate": 0.00029899492625846426,
  "best_n_train": 16384,
  "best_n_val": 4096,
  "best_seconds": 13.302,
  "best_stopped_early": false,
  "best_temperature": 0.15,
  "best_train_contrastive_accumulation_steps": 4.0,
  "best_train_effective_contrastive_batch_size": 128.0,
  "best_train_grad_norm": 4.386152476072311,
  "best_train_loss": 4.344040397554636,
  "best_train_optimizer_steps": 128.0,
  "best_val_i2s_mean_rank": 1182.32861328125,
  "best_val_i2s_median_rank": 952.0,
  "best_val_i2s_mrr": 0.006505288183689117,
  "best_val_i2s_rank_p10": 119.0,
  "best_val_i2s_rank_p90": 2628.0,
  "best_val_i2s_rank_percentile_mean": 0.7115192413330078,
  "best_val_i2s_rank_percentile_median": 0.7675213813781738,
  "best_val_i2s_recall@1": 0.0009765625,
  "best_val_i2s_recall@10": 0.0107421875,
  "best_val_i2s_recall@5": 0.0048828125,
  "best_val_image_channel_valid_fraction": 0.52042644075118,
  "best_val_image_mean_norm": 1.0,
  "best_val_image_mean_std": 0.05775074660778046,
  "best_val_loss": 3.107150437310338,
  "best_val_negative_cosine_mean": 0.41678547859191895,
  "best_val_negative_cosine_std": 0.31590092182159424,
  "best_val_positive_cosine_mean": 0.6249196529388428,
  "best_val_positive_cosine_std": 0.1512291580438614,
  "best_val_positive_negative_margin": 0.20813417434692383,
  "best_val_s2i_mean_rank": 1278.943603515625,
  "best_val_s2i_median_rank": 1074.0,
  "best_val_s2i_mrr": 0.0055632395669817924,
  "best_val_s2i_rank_p10": 140.0,
  "best_val_s2i_rank_p90": 2775.5,
  "best_val_s2i_rank_percentile_mean": 0.6879258155822754,
  "best_val_s2i_rank_percentile_median": 0.7377289533615112,
  "best_val_s2i_recall@1": 0.000732421875,
  "best_val_s2i_recall@10": 0.00830078125,
  "best_val_s2i_recall@5": 0.003662109375,
  "best_val_spectrum_mean_norm": 1.0,
  "best_val_spectrum_mean_std": 0.05127210170030594,
  "best_val_spectrum_valid_fraction": 0.2145592961460352,
  "contrastive_loss": "image_to_spectrum_info_nce",
  "epoch": 10,
  "learning_rate": 0.0002910377437087601,
  "n_train": 16384,
  "n_val": 4096,
  "seconds": 13.545,
  "stopped_early": true,
  "temperature": 0.15,
  "train_contrastive_accumulation_steps": 4.0,
  "train_effective_contrastive_batch_size": 128.0,
  "train_grad_norm": 13.291564457118511,
  "train_loss": 3.597250947728753,
  "train_optimizer_steps": 128.0,
  "val_i2s_mean_rank": 1316.3759765625,
  "val_i2s_median_rank": 1099.0,
  "val_i2s_mrr": 0.0057888152077794075,
  "val_i2s_rank_p10": 138.0,
  "val_i2s_rank_p90": 2854.5,
  "val_i2s_rank_percentile_mean": 0.6787849068641663,
  "val_i2s_rank_percentile_median": 0.7316238880157471,
  "val_i2s_recall@1": 0.000732421875,
  "val_i2s_recall@10": 0.009521484375,
  "val_i2s_recall@5": 0.004638671875,
  "val_image_channel_valid_fraction": 0.52042644075118,
  "val_image_mean_norm": 1.0,
  "val_image_mean_std": 0.07722547650337219,
  "val_loss": 3.8252417128533125,
  "val_negative_cosine_mean": 0.16040554642677307,
  "val_negative_cosine_std": 0.45867007970809937,
  "val_positive_cosine_mean": 0.45355522632598877,
  "val_positive_cosine_std": 0.31252044439315796,
  "val_positive_negative_margin": 0.2931496798992157,
  "val_s2i_mean_rank": 1315.48193359375,
  "val_s2i_median_rank": 1090.0,
  "val_s2i_mrr": 0.0060867201536893845,
  "val_s2i_rank_p10": 129.5,
  "val_s2i_rank_p90": 2860.0,
  "val_s2i_rank_percentile_mean": 0.6790032386779785,
  "val_s2i_rank_percentile_median": 0.7338217496871948,
  "val_s2i_recall@1": 0.001220703125,
  "val_s2i_recall@10": 0.0087890625,
  "val_s2i_recall@5": 0.004150390625,
  "val_spectrum_mean_norm": 1.0,
  "val_spectrum_mean_std": 0.07576196640729904,
  "val_spectrum_valid_fraction": 0.2145592961460352
}
