{
  "best_contrastive_loss": "spectrum_to_image_info_nce",
  "best_epoch": 4,
  "best_learning_rate": 0.00029899492625846426,
  "best_n_train": 16384,
  "best_n_val": 4096,
  "best_seconds": 13.204,
  "best_stopped_early": false,
  "best_temperature": 0.15,
  "best_train_contrastive_accumulation_steps": 4.0,
  "best_train_effective_contrastive_batch_size": 128.0,
  "best_train_grad_norm": 4.655573297291994,
  "best_train_loss": 4.324226967990398,
  "best_train_optimizer_steps": 128.0,
  "best_val_i2s_mean_rank": 1397.19140625,
  "best_val_i2s_median_rank": 1164.0,
  "best_val_i2s_mrr": 0.004303636960685253,
  "best_val_i2s_rank_p10": 187.0,
  "best_val_i2s_rank_p90": 3009.5,
  "best_val_i2s_rank_percentile_mean": 0.6590496897697449,
  "best_val_i2s_rank_percentile_median": 0.7159950733184814,
  "best_val_i2s_recall@1": 0.000244140625,
  "best_val_i2s_recall@10": 0.005859375,
  "best_val_i2s_recall@5": 0.00390625,
  "best_val_image_channel_valid_fraction": 0.52042644075118,
  "best_val_image_mean_norm": 1.0,
  "best_val_image_mean_std": 0.04889891669154167,
  "best_val_loss": 3.110004698857665,
  "best_val_negative_cosine_mean": 0.3287949562072754,
  "best_val_negative_cosine_std": 0.3895616829395294,
  "best_val_positive_cosine_mean": 0.5498786568641663,
  "best_val_positive_cosine_std": 0.270700603723526,
  "best_val_positive_negative_margin": 0.22108370065689087,
  "best_val_s2i_mean_rank": 1225.341064453125,
  "best_val_s2i_median_rank": 995.0,
  "best_val_s2i_mrr": 0.006066590081900358,
  "best_val_s2i_rank_p10": 126.0,
  "best_val_s2i_rank_p90": 2695.0,
  "best_val_s2i_rank_percentile_mean": 0.7010156512260437,
  "best_val_s2i_rank_percentile_median": 0.7572649717330933,
  "best_val_s2i_recall@1": 0.001220703125,
  "best_val_s2i_recall@10": 0.0087890625,
  "best_val_s2i_recall@5": 0.00390625,
  "best_val_spectrum_mean_norm": 1.0,
  "best_val_spectrum_mean_std": 0.06460598111152649,
  "best_val_spectrum_valid_fraction": 0.2145592961460352,
  "contrastive_loss": "spectrum_to_image_info_nce",
  "epoch": 10,
  "learning_rate": 0.0002910377437087601,
  "n_train": 16384,
  "n_val": 4096,
  "seconds": 13.17,
  "stopped_early": true,
  "temperature": 0.15,
  "train_contrastive_accumulation_steps": 4.0,
  "train_effective_contrastive_batch_size": 128.0,
  "train_grad_norm": 12.913345977663994,
  "train_loss": 3.4398196395486593,
  "train_optimizer_steps": 128.0,
  "val_i2s_mean_rank": 1346.47705078125,
  "val_i2s_median_rank": 1134.0,
  "val_i2s_mrr": 0.0054443469271063805,
  "val_i2s_rank_p10": 149.0,
  "val_i2s_rank_p90": 2914.5,
  "val_i2s_rank_percentile_mean": 0.6714341640472412,
  "val_i2s_rank_percentile_median": 0.7233210802078247,
  "val_i2s_recall@1": 0.00048828125,
  "val_i2s_recall@10": 0.00830078125,
  "val_i2s_recall@5": 0.005126953125,
  "val_image_channel_valid_fraction": 0.52042644075118,
  "val_image_mean_norm": 1.0,
  "val_image_mean_std": 0.07546460628509521,
  "val_loss": 3.9172374475747347,
  "val_negative_cosine_mean": 0.1386498212814331,
  "val_negative_cosine_std": 0.4529702365398407,
  "val_positive_cosine_mean": 0.4194837212562561,
  "val_positive_cosine_std": 0.3333085775375366,
  "val_positive_negative_margin": 0.280833899974823,
  "val_s2i_mean_rank": 1352.670654296875,
  "val_s2i_median_rank": 1139.0,
  "val_s2i_mrr": 0.006772053427994251,
  "val_s2i_rank_p10": 139.0,
  "val_s2i_rank_p90": 2932.5,
  "val_s2i_rank_percentile_mean": 0.6699216961860657,
  "val_s2i_rank_percentile_median": 0.721611738204956,
  "val_s2i_recall@1": 0.001953125,
  "val_s2i_recall@10": 0.009765625,
  "val_s2i_recall@5": 0.005126953125,
  "val_spectrum_mean_norm": 1.0,
  "val_spectrum_mean_std": 0.07828918099403381,
  "val_spectrum_valid_fraction": 0.2145592961460352
}
