{
  "checkpoint_path": "project/results/contrastive/hpo_loss_lr_temp_20260720_1320/lr1e4_temp010_i2s/best.pt",
  "fold": 0,
  "i2s_mean_rank": 1212.733642578125,
  "i2s_median_rank": 988.0,
  "i2s_mrr": 0.006869174540042877,
  "i2s_rank_p10": 117.5,
  "i2s_rank_p90": 2709.5,
  "i2s_rank_percentile_mean": 0.7040943503379822,
  "i2s_rank_percentile_median": 0.7587301731109619,
  "i2s_recall@1": 0.00146484375,
  "i2s_recall@10": 0.009521484375,
  "i2s_recall@5": 0.006103515625,
  "image_channel_valid_fraction": 0.5191786077339202,
  "image_mean_norm": 1.0,
  "image_mean_std": 0.04736822843551636,
  "n_objects": 4096,
  "negative_cosine_mean": 0.3994084298610687,
  "negative_cosine_std": 0.2037333846092224,
  "positive_cosine_mean": 0.5270057320594788,
  "positive_cosine_std": 0.09371574968099594,
  "positive_negative_margin": 0.12759730219841003,
  "s2i_mean_rank": 1294.3994140625,
  "s2i_median_rank": 1109.0,
  "s2i_mrr": 0.004307945724576712,
  "s2i_rank_p10": 154.0,
  "s2i_rank_p90": 2768.5,
  "s2i_rank_percentile_mean": 0.6841515302658081,
  "s2i_rank_percentile_median": 0.7291818857192993,
  "s2i_recall@1": 0.000244140625,
  "s2i_recall@10": 0.004150390625,
  "s2i_recall@5": 0.001953125,
  "spectrum_mean_norm": 1.0,
  "spectrum_mean_std": 0.04392188414931297,
  "spectrum_valid_fraction": 0.21432473615277559,
  "split": "test"
}
