{
  "best_contrastive_loss": "image_to_spectrum_info_nce",
  "best_epoch": 4,
  "best_learning_rate": 9.96880805629717e-05,
  "best_n_train": 16384,
  "best_n_val": 4096,
  "best_seconds": 13.867,
  "best_stopped_early": false,
  "best_temperature": 0.15,
  "best_train_contrastive_accumulation_steps": 4.0,
  "best_train_effective_contrastive_batch_size": 128.0,
  "best_train_grad_norm": 4.564436489716172,
  "best_train_loss": 4.440136183053255,
  "best_train_optimizer_steps": 128.0,
  "best_val_i2s_mean_rank": 1221.3896484375,
  "best_val_i2s_median_rank": 995.0,
  "best_val_i2s_mrr": 0.007562672719359398,
  "best_val_i2s_rank_p10": 128.0,
  "best_val_i2s_rank_p90": 2716.0,
  "best_val_i2s_rank_percentile_mean": 0.7019805312156677,
  "best_val_i2s_rank_percentile_median": 0.7572649717330933,
  "best_val_i2s_recall@1": 0.001220703125,
  "best_val_i2s_recall@10": 0.0146484375,
  "best_val_i2s_recall@5": 0.006591796875,
  "best_val_image_channel_valid_fraction": 0.52042644075118,
  "best_val_image_mean_norm": 1.0,
  "best_val_image_mean_std": 0.05175746604800224,
  "best_val_loss": 3.1024021208286285,
  "best_val_negative_cosine_mean": 0.41298267245292664,
  "best_val_negative_cosine_std": 0.2414848804473877,
  "best_val_positive_cosine_mean": 0.5647391080856323,
  "best_val_positive_cosine_std": 0.11696334183216095,
  "best_val_positive_negative_margin": 0.1517564356327057,
  "best_val_s2i_mean_rank": 1300.2421875,
  "best_val_s2i_median_rank": 1128.0,
  "best_val_s2i_mrr": 0.00502953864634037,
  "best_val_s2i_rank_p10": 148.0,
  "best_val_s2i_rank_p90": 2775.5,
  "best_val_s2i_rank_percentile_mean": 0.6827247142791748,
  "best_val_s2i_rank_percentile_median": 0.7247862815856934,
  "best_val_s2i_recall@1": 0.000732421875,
  "best_val_s2i_recall@10": 0.007080078125,
  "best_val_s2i_recall@5": 0.0029296875,
  "best_val_spectrum_mean_norm": 1.0,
  "best_val_spectrum_mean_std": 0.04704760015010834,
  "best_val_spectrum_valid_fraction": 0.2145592961460352,
  "contrastive_loss": "image_to_spectrum_info_nce",
  "epoch": 10,
  "learning_rate": 9.72186101165118e-05,
  "n_train": 16384,
  "n_val": 4096,
  "seconds": 14.175,
  "stopped_early": true,
  "temperature": 0.15,
  "train_contrastive_accumulation_steps": 4.0,
  "train_effective_contrastive_batch_size": 128.0,
  "train_grad_norm": 11.013672720640898,
  "train_loss": 4.055448729544878,
  "train_optimizer_steps": 128.0,
  "val_i2s_mean_rank": 1282.240478515625,
  "val_i2s_median_rank": 1066.0,
  "val_i2s_mrr": 0.00638539856299758,
  "val_i2s_rank_p10": 138.0,
  "val_i2s_rank_p90": 2797.0,
  "val_i2s_rank_percentile_mean": 0.6871207356452942,
  "val_i2s_rank_percentile_median": 0.7399266958236694,
  "val_i2s_recall@1": 0.001220703125,
  "val_i2s_recall@10": 0.01025390625,
  "val_i2s_recall@5": 0.005859375,
  "val_image_channel_valid_fraction": 0.52042644075118,
  "val_image_mean_norm": 1.0,
  "val_image_mean_std": 0.07789324223995209,
  "val_loss": 3.299263797700405,
  "val_negative_cosine_mean": 0.24213245511054993,
  "val_negative_cosine_std": 0.3616753816604614,
  "val_positive_cosine_mean": 0.46519196033477783,
  "val_positive_cosine_std": 0.20352964103221893,
  "val_positive_negative_margin": 0.2230595052242279,
  "val_s2i_mean_rank": 1330.431396484375,
  "val_s2i_median_rank": 1120.0,
  "val_s2i_mrr": 0.0051777176558971405,
  "val_s2i_rank_p10": 163.0,
  "val_s2i_rank_p90": 2830.5,
  "val_s2i_rank_percentile_mean": 0.6753525137901306,
  "val_s2i_rank_percentile_median": 0.7264957427978516,
  "val_s2i_recall@1": 0.000732421875,
  "val_s2i_recall@10": 0.008056640625,
  "val_s2i_recall@5": 0.0048828125,
  "val_spectrum_mean_norm": 1.0,
  "val_spectrum_mean_std": 0.0637497529387474,
  "val_spectrum_valid_fraction": 0.2145592961460352
}
