{
  "best_epoch": 2,
  "best_n_train": 8192,
  "best_n_val": 2048,
  "best_seconds": 6.755,
  "best_train_loss": 3.7972584385424852,
  "best_val_i2s_recall@1": 0.00390625,
  "best_val_i2s_recall@10": 0.01953125,
  "best_val_i2s_recall@5": 0.0107421875,
  "best_val_image_channel_valid_fraction": 0.5198025275021791,
  "best_val_image_mean_norm": 1.0,
  "best_val_image_mean_std": 0.029167702421545982,
  "best_val_loss": 3.835076220333576,
  "best_val_s2i_recall@1": 0.00146484375,
  "best_val_s2i_recall@10": 0.01611328125,
  "best_val_s2i_recall@5": 0.0087890625,
  "best_val_spectrum_mean_norm": 1.0,
  "best_val_spectrum_mean_std": 0.03669014200568199,
  "best_val_spectrum_valid_fraction": 0.2120865061879158,
  "epoch": 8,
  "n_train": 8192,
  "n_val": 2048,
  "seconds": 6.192,
  "train_loss": 2.495303478091955,
  "val_i2s_recall@1": 0.0029296875,
  "val_i2s_recall@10": 0.017578125,
  "val_i2s_recall@5": 0.0087890625,
  "val_image_channel_valid_fraction": 0.5198025275021791,
  "val_image_mean_norm": 1.0,
  "val_image_mean_std": 0.060085173696279526,
  "val_loss": 5.899496719241142,
  "val_s2i_recall@1": 0.001953125,
  "val_s2i_recall@10": 0.01708984375,
  "val_s2i_recall@5": 0.0107421875,
  "val_spectrum_mean_norm": 1.0,
  "val_spectrum_mean_std": 0.06428122520446777,
  "val_spectrum_valid_fraction": 0.2120865061879158
}
