{
  "best_contrastive_loss": "spectrum_to_image_info_nce",
  "best_epoch": 4,
  "best_learning_rate": 9.96880805629717e-05,
  "best_n_train": 16384,
  "best_n_val": 4096,
  "best_seconds": 13.299,
  "best_stopped_early": false,
  "best_temperature": 0.15,
  "best_train_contrastive_accumulation_steps": 4.0,
  "best_train_effective_contrastive_batch_size": 128.0,
  "best_train_grad_norm": 4.673829222097993,
  "best_train_loss": 4.422722648829222,
  "best_train_optimizer_steps": 128.0,
  "best_val_i2s_mean_rank": 1427.518310546875,
  "best_val_i2s_median_rank": 1168.0,
  "best_val_i2s_mrr": 0.0048943180590868,
  "best_val_i2s_rank_p10": 165.5,
  "best_val_i2s_rank_p90": 3150.0,
  "best_val_i2s_rank_percentile_mean": 0.6516438722610474,
  "best_val_i2s_rank_percentile_median": 0.7150182723999023,
  "best_val_i2s_recall@1": 0.000732421875,
  "best_val_i2s_recall@10": 0.007568359375,
  "best_val_i2s_recall@5": 0.003662109375,
  "best_val_image_channel_valid_fraction": 0.52042644075118,
  "best_val_image_mean_norm": 1.0,
  "best_val_image_mean_std": 0.04803525283932686,
  "best_val_loss": 3.0999527648091316,
  "best_val_negative_cosine_mean": 0.39446231722831726,
  "best_val_negative_cosine_std": 0.3356728255748749,
  "best_val_positive_cosine_mean": 0.5729221701622009,
  "best_val_positive_cosine_std": 0.2522772550582886,
  "best_val_positive_negative_margin": 0.17845985293388367,
  "best_val_s2i_mean_rank": 1253.99560546875,
  "best_val_s2i_median_rank": 1020.0,
  "best_val_s2i_mrr": 0.004949944093823433,
  "best_val_s2i_rank_p10": 123.0,
  "best_val_s2i_rank_p90": 2796.0,
  "best_val_s2i_rank_percentile_mean": 0.6940181851387024,
  "best_val_s2i_rank_percentile_median": 0.7511599659919739,
  "best_val_s2i_recall@1": 0.000244140625,
  "best_val_s2i_recall@10": 0.006591796875,
  "best_val_s2i_recall@5": 0.00244140625,
  "best_val_spectrum_mean_norm": 1.0,
  "best_val_spectrum_mean_std": 0.06266675144433975,
  "best_val_spectrum_valid_fraction": 0.2145592961460352,
  "contrastive_loss": "spectrum_to_image_info_nce",
  "epoch": 10,
  "learning_rate": 9.72186101165118e-05,
  "n_train": 16384,
  "n_val": 4096,
  "seconds": 13.137,
  "stopped_early": true,
  "temperature": 0.15,
  "train_contrastive_accumulation_steps": 4.0,
  "train_effective_contrastive_batch_size": 128.0,
  "train_grad_norm": 9.973980516195297,
  "train_loss": 4.019341332837939,
  "train_optimizer_steps": 128.0,
  "val_i2s_mean_rank": 1313.92919921875,
  "val_i2s_median_rank": 1061.0,
  "val_i2s_mrr": 0.005912429187446833,
  "val_i2s_rank_p10": 124.0,
  "val_i2s_rank_p90": 2949.5,
  "val_i2s_rank_percentile_mean": 0.6793824434280396,
  "val_i2s_rank_percentile_median": 0.7411477565765381,
  "val_i2s_recall@1": 0.0009765625,
  "val_i2s_recall@10": 0.00830078125,
  "val_i2s_recall@5": 0.004638671875,
  "val_image_channel_valid_fraction": 0.52042644075118,
  "val_image_mean_norm": 1.0,
  "val_image_mean_std": 0.0725819319486618,
  "val_loss": 3.347131660208106,
  "val_negative_cosine_mean": 0.23060348629951477,
  "val_negative_cosine_std": 0.3708730638027191,
  "val_positive_cosine_mean": 0.46436846256256104,
  "val_positive_cosine_std": 0.2605176568031311,
  "val_positive_negative_margin": 0.23376497626304626,
  "val_s2i_mean_rank": 1305.66943359375,
  "val_s2i_median_rank": 1075.0,
  "val_s2i_mrr": 0.006538397166877985,
  "val_s2i_rank_p10": 140.5,
  "val_s2i_rank_p90": 2819.5,
  "val_s2i_rank_percentile_mean": 0.681399405002594,
  "val_s2i_rank_percentile_median": 0.7377289533615112,
  "val_s2i_recall@1": 0.00146484375,
  "val_s2i_recall@10": 0.0107421875,
  "val_s2i_recall@5": 0.005615234375,
  "val_spectrum_mean_norm": 1.0,
  "val_spectrum_mean_std": 0.0727277621626854,
  "val_spectrum_valid_fraction": 0.2145592961460352
}
