{
  "best_contrastive_loss": "spectrum_to_image_info_nce",
  "best_epoch": 4,
  "best_learning_rate": 0.0009965688861926887,
  "best_n_train": 16384,
  "best_n_val": 4096,
  "best_seconds": 13.474,
  "best_stopped_early": false,
  "best_temperature": 0.15,
  "best_train_contrastive_accumulation_steps": 4.0,
  "best_train_effective_contrastive_batch_size": 128.0,
  "best_train_grad_norm": 4.778951829299331,
  "best_train_loss": 4.341402422636747,
  "best_train_optimizer_steps": 128.0,
  "best_val_i2s_mean_rank": 1338.150146484375,
  "best_val_i2s_median_rank": 1075.0,
  "best_val_i2s_mrr": 0.004688849672675133,
  "best_val_i2s_rank_p10": 152.0,
  "best_val_i2s_rank_p90": 2962.0,
  "best_val_i2s_rank_percentile_mean": 0.6734676361083984,
  "best_val_i2s_rank_percentile_median": 0.7374846935272217,
  "best_val_i2s_recall@1": 0.00048828125,
  "best_val_i2s_recall@10": 0.004638671875,
  "best_val_i2s_recall@5": 0.00244140625,
  "best_val_image_channel_valid_fraction": 0.52042644075118,
  "best_val_image_mean_norm": 1.0,
  "best_val_image_mean_std": 0.047094061970710754,
  "best_val_loss": 3.0637065563350916,
  "best_val_negative_cosine_mean": 0.3405764698982239,
  "best_val_negative_cosine_std": 0.38444656133651733,
  "best_val_positive_cosine_mean": 0.5684739351272583,
  "best_val_positive_cosine_std": 0.23891472816467285,
  "best_val_positive_negative_margin": 0.22789746522903442,
  "best_val_s2i_mean_rank": 1183.68115234375,
  "best_val_s2i_median_rank": 945.0,
  "best_val_s2i_mrr": 0.0057859173975884914,
  "best_val_s2i_rank_p10": 110.5,
  "best_val_s2i_rank_p90": 2691.0,
  "best_val_s2i_rank_percentile_mean": 0.7111889719963074,
  "best_val_s2i_rank_percentile_median": 0.7692307829856873,
  "best_val_s2i_recall@1": 0.00048828125,
  "best_val_s2i_recall@10": 0.009765625,
  "best_val_s2i_recall@5": 0.00390625,
  "best_val_spectrum_mean_norm": 1.0,
  "best_val_spectrum_mean_std": 0.05988346040248871,
  "best_val_spectrum_valid_fraction": 0.2145592961460352,
  "contrastive_loss": "spectrum_to_image_info_nce",
  "epoch": 10,
  "learning_rate": 0.0009694047112816298,
  "n_train": 16384,
  "n_val": 4096,
  "seconds": 13.24,
  "stopped_early": true,
  "temperature": 0.15,
  "train_contrastive_accumulation_steps": 4.0,
  "train_effective_contrastive_batch_size": 128.0,
  "train_grad_norm": 7.393825922161341,
  "train_loss": 3.6584235820919275,
  "train_optimizer_steps": 128.0,
  "val_i2s_mean_rank": 1272.892822265625,
  "val_i2s_median_rank": 1034.0,
  "val_i2s_mrr": 0.005700854584574699,
  "val_i2s_rank_p10": 135.0,
  "val_i2s_rank_p90": 2835.0,
  "val_i2s_rank_percentile_mean": 0.6894034743309021,
  "val_i2s_rank_percentile_median": 0.7474969625473022,
  "val_i2s_recall@1": 0.00048828125,
  "val_i2s_recall@10": 0.009521484375,
  "val_i2s_recall@5": 0.00537109375,
  "val_image_channel_valid_fraction": 0.52042644075118,
  "val_image_mean_norm": 1.0,
  "val_image_mean_std": 0.06645117700099945,
  "val_loss": 3.6679005194455385,
  "val_negative_cosine_mean": 0.1630105972290039,
  "val_negative_cosine_std": 0.4878779947757721,
  "val_positive_cosine_mean": 0.4883178472518921,
  "val_positive_cosine_std": 0.34161001443862915,
  "val_positive_negative_margin": 0.3253072500228882,
  "val_s2i_mean_rank": 1286.077880859375,
  "val_s2i_median_rank": 1048.0,
  "val_s2i_mrr": 0.00646540941670537,
  "val_s2i_rank_p10": 119.0,
  "val_s2i_rank_p90": 2905.5,
  "val_s2i_rank_percentile_mean": 0.6861836910247803,
  "val_s2i_rank_percentile_median": 0.7435897588729858,
  "val_s2i_recall@1": 0.0009765625,
  "val_s2i_recall@10": 0.01123046875,
  "val_s2i_recall@5": 0.004638671875,
  "val_spectrum_mean_norm": 1.0,
  "val_spectrum_mean_std": 0.0776362493634224,
  "val_spectrum_valid_fraction": 0.2145592961460352
}
