{
  "checkpoint_path": "project/results/contrastive/hpo_loss_lr_temp_20260720_1320/lr1e4_temp015_s2i/best.pt",
  "fold": 0,
  "i2s_mean_rank": 1427.518310546875,
  "i2s_median_rank": 1168.0,
  "i2s_mrr": 0.0048943180590868,
  "i2s_rank_p10": 165.5,
  "i2s_rank_p90": 3150.0,
  "i2s_rank_percentile_mean": 0.6516438722610474,
  "i2s_rank_percentile_median": 0.7150182723999023,
  "i2s_recall@1": 0.000732421875,
  "i2s_recall@10": 0.007568359375,
  "i2s_recall@5": 0.003662109375,
  "image_channel_valid_fraction": 0.52042644075118,
  "image_mean_norm": 1.0,
  "image_mean_std": 0.04803525283932686,
  "n_objects": 4096,
  "negative_cosine_mean": 0.39446231722831726,
  "negative_cosine_std": 0.3356728255748749,
  "positive_cosine_mean": 0.5729221701622009,
  "positive_cosine_std": 0.2522772550582886,
  "positive_negative_margin": 0.17845985293388367,
  "s2i_mean_rank": 1253.99560546875,
  "s2i_median_rank": 1020.0,
  "s2i_mrr": 0.004949944093823433,
  "s2i_rank_p10": 123.0,
  "s2i_rank_p90": 2796.0,
  "s2i_rank_percentile_mean": 0.6940181851387024,
  "s2i_rank_percentile_median": 0.7511599659919739,
  "s2i_recall@1": 0.000244140625,
  "s2i_recall@10": 0.006591796875,
  "s2i_recall@5": 0.00244140625,
  "spectrum_mean_norm": 1.0,
  "spectrum_mean_std": 0.06266675144433975,
  "spectrum_valid_fraction": 0.2145592961460352,
  "split": "val"
}
