{
  "checkpoint_path": "project/results/contrastive/hpo_loss_lr_temp_20260720_1320/lr1e4_temp015_sym/best.pt",
  "fold": 0,
  "i2s_mean_rank": 1242.053955078125,
  "i2s_median_rank": 1000.0,
  "i2s_mrr": 0.0055632865987718105,
  "i2s_rank_p10": 122.0,
  "i2s_rank_p90": 2796.0,
  "i2s_rank_percentile_mean": 0.6969343423843384,
  "i2s_rank_percentile_median": 0.7553113698959351,
  "i2s_recall@1": 0.00048828125,
  "i2s_recall@10": 0.00830078125,
  "i2s_recall@5": 0.0029296875,
  "image_channel_valid_fraction": 0.5191786077339202,
  "image_mean_norm": 1.0,
  "image_mean_std": 0.0464823842048645,
  "n_objects": 4096,
  "negative_cosine_mean": 0.33627766370773315,
  "negative_cosine_std": 0.23071210086345673,
  "positive_cosine_mean": 0.49436333775520325,
  "positive_cosine_std": 0.13086573779582977,
  "positive_negative_margin": 0.1580856740474701,
  "s2i_mean_rank": 1257.7880859375,
  "s2i_median_rank": 1034.0,
  "s2i_mrr": 0.005983134265989065,
  "s2i_rank_p10": 126.0,
  "s2i_rank_p90": 2779.5,
  "s2i_rank_percentile_mean": 0.6930920481681824,
  "s2i_rank_percentile_median": 0.7474969625473022,
  "s2i_recall@1": 0.001220703125,
  "s2i_recall@10": 0.008056640625,
  "s2i_recall@5": 0.00390625,
  "spectrum_mean_norm": 1.0,
  "spectrum_mean_std": 0.051659926772117615,
  "spectrum_valid_fraction": 0.21432473615277559,
  "split": "test"
}
