{
  "best_contrastive_loss": "symmetric_info_nce",
  "best_epoch": 4,
  "best_learning_rate": 0.0009965688861926887,
  "best_n_train": 16384,
  "best_n_val": 4096,
  "best_seconds": 13.118,
  "best_stopped_early": false,
  "best_temperature": 0.1,
  "best_train_contrastive_accumulation_steps": 4.0,
  "best_train_effective_contrastive_batch_size": 128.0,
  "best_train_grad_norm": 3.1787271592766047,
  "best_train_loss": 4.326860964298248,
  "best_train_optimizer_steps": 128.0,
  "best_val_i2s_mean_rank": 1175.132080078125,
  "best_val_i2s_median_rank": 942.0,
  "best_val_i2s_mrr": 0.0065058330073952675,
  "best_val_i2s_rank_p10": 116.0,
  "best_val_i2s_rank_p90": 2638.0,
  "best_val_i2s_rank_percentile_mean": 0.7132766246795654,
  "best_val_i2s_rank_percentile_median": 0.7702075839042664,
  "best_val_i2s_recall@1": 0.00048828125,
  "best_val_i2s_recall@10": 0.010498046875,
  "best_val_i2s_recall@5": 0.005615234375,
  "best_val_image_channel_valid_fraction": 0.52042644075118,
  "best_val_image_mean_norm": 1.0,
  "best_val_image_mean_std": 0.04168630391359329,
  "best_val_loss": 3.0918719228357077,
  "best_val_negative_cosine_mean": 0.3512234687805176,
  "best_val_negative_cosine_std": 0.22881001234054565,
  "best_val_positive_cosine_mean": 0.5072845816612244,
  "best_val_positive_cosine_std": 0.10311814397573471,
  "best_val_positive_negative_margin": 0.1560611128807068,
  "best_val_s2i_mean_rank": 1176.1220703125,
  "best_val_s2i_median_rank": 929.0,
  "best_val_s2i_mrr": 0.006996395066380501,
  "best_val_s2i_rank_p10": 110.0,
  "best_val_s2i_rank_p90": 2684.5,
  "best_val_s2i_rank_percentile_mean": 0.7130349278450012,
  "best_val_s2i_rank_percentile_median": 0.7731379866600037,
  "best_val_s2i_recall@1": 0.001220703125,
  "best_val_s2i_recall@10": 0.01123046875,
  "best_val_s2i_recall@5": 0.005615234375,
  "best_val_spectrum_mean_norm": 1.0,
  "best_val_spectrum_mean_std": 0.04718390852212906,
  "best_val_spectrum_valid_fraction": 0.2145592961460352,
  "contrastive_loss": "symmetric_info_nce",
  "epoch": 10,
  "learning_rate": 0.0009694047112816298,
  "n_train": 16384,
  "n_val": 4096,
  "seconds": 13.528,
  "stopped_early": true,
  "temperature": 0.1,
  "train_contrastive_accumulation_steps": 4.0,
  "train_effective_contrastive_batch_size": 128.0,
  "train_grad_norm": 6.678700413554907,
  "train_loss": 3.641636610031128,
  "train_optimizer_steps": 128.0,
  "val_i2s_mean_rank": 1259.25048828125,
  "val_i2s_median_rank": 1034.0,
  "val_i2s_mrr": 0.0055911000818014145,
  "val_i2s_rank_p10": 123.5,
  "val_i2s_rank_p90": 2782.0,
  "val_i2s_rank_percentile_mean": 0.692734956741333,
  "val_i2s_rank_percentile_median": 0.7474969625473022,
  "val_i2s_recall@1": 0.00048828125,
  "val_i2s_recall@10": 0.008056640625,
  "val_i2s_recall@5": 0.00341796875,
  "val_image_channel_valid_fraction": 0.52042644075118,
  "val_image_mean_norm": 1.0,
  "val_image_mean_std": 0.062273815274238586,
  "val_loss": 3.7994102481752634,
  "val_negative_cosine_mean": 0.24068453907966614,
  "val_negative_cosine_std": 0.3625689148902893,
  "val_positive_cosine_mean": 0.4910615384578705,
  "val_positive_cosine_std": 0.21931445598602295,
  "val_positive_negative_margin": 0.25037699937820435,
  "val_s2i_mean_rank": 1266.4384765625,
  "val_s2i_median_rank": 1036.0,
  "val_s2i_mrr": 0.005194843281060457,
  "val_s2i_rank_p10": 126.5,
  "val_s2i_rank_p90": 2795.5,
  "val_s2i_rank_percentile_mean": 0.6909796595573425,
  "val_s2i_rank_percentile_median": 0.7472527027130127,
  "val_s2i_recall@1": 0.0,
  "val_s2i_recall@10": 0.009765625,
  "val_s2i_recall@5": 0.003662109375,
  "val_spectrum_mean_norm": 1.0,
  "val_spectrum_mean_std": 0.06403853744268417,
  "val_spectrum_valid_fraction": 0.2145592961460352
}
