{
  "best_epoch": 2,
  "best_learning_rate": 0.00015,
  "best_n_train": 256,
  "best_n_val": 128,
  "best_seconds": 0.265,
  "best_stopped_early": false,
  "best_train_contrastive_accumulation_steps": 2.0,
  "best_train_effective_contrastive_batch_size": 32.0,
  "best_train_grad_norm": 1.4014158099889755,
  "best_train_loss": 3.3195615708827972,
  "best_train_optimizer_steps": 8.0,
  "best_val_i2s_mean_rank": 54.3359375,
  "best_val_i2s_median_rank": 50.0,
  "best_val_i2s_mrr": 0.05944855138659477,
  "best_val_i2s_rank_p10": 11.0,
  "best_val_i2s_rank_p90": 109.29999542236328,
  "best_val_i2s_rank_percentile_mean": 0.5800319910049438,
  "best_val_i2s_rank_percentile_median": 0.6062992215156555,
  "best_val_i2s_recall@1": 0.015625,
  "best_val_i2s_recall@10": 0.09375,
  "best_val_i2s_recall@5": 0.0546875,
  "best_val_image_channel_valid_fraction": 0.5225694552063942,
  "best_val_image_mean_norm": 1.0,
  "best_val_image_mean_std": 0.01572779007256031,
  "best_val_loss": 2.7434153854846954,
  "best_val_negative_cosine_mean": 0.02726416476070881,
  "best_val_negative_cosine_std": 0.02859882451593876,
  "best_val_positive_cosine_mean": 0.03359552472829819,
  "best_val_positive_cosine_std": 0.034653838723897934,
  "best_val_positive_negative_margin": 0.006331359967589378,
  "best_val_s2i_mean_rank": 60.1328125,
  "best_val_s2i_median_rank": 58.0,
  "best_val_s2i_mrr": 0.053420960903167725,
  "best_val_s2i_rank_p10": 10.0,
  "best_val_s2i_rank_p90": 115.29999542236328,
  "best_val_s2i_rank_percentile_mean": 0.5343872904777527,
  "best_val_s2i_rank_percentile_median": 0.5196850299835205,
  "best_val_s2i_recall@1": 0.015625,
  "best_val_s2i_recall@10": 0.109375,
  "best_val_s2i_recall@5": 0.0546875,
  "best_val_spectrum_mean_norm": 1.0,
  "best_val_spectrum_mean_std": 0.010406997054815292,
  "best_val_spectrum_valid_fraction": 0.21562076546251774,
  "epoch": 2,
  "learning_rate": 0.00015,
  "n_train": 256,
  "n_val": 128,
  "seconds": 0.265,
  "stopped_early": false,
  "train_contrastive_accumulation_steps": 2.0,
  "train_effective_contrastive_batch_size": 32.0,
  "train_grad_norm": 1.4014158099889755,
  "train_loss": 3.3195615708827972,
  "train_optimizer_steps": 8.0,
  "val_i2s_mean_rank": 54.3359375,
  "val_i2s_median_rank": 50.0,
  "val_i2s_mrr": 0.05944855138659477,
  "val_i2s_rank_p10": 11.0,
  "val_i2s_rank_p90": 109.29999542236328,
  "val_i2s_rank_percentile_mean": 0.5800319910049438,
  "val_i2s_rank_percentile_median": 0.6062992215156555,
  "val_i2s_recall@1": 0.015625,
  "val_i2s_recall@10": 0.09375,
  "val_i2s_recall@5": 0.0546875,
  "val_image_channel_valid_fraction": 0.5225694552063942,
  "val_image_mean_norm": 1.0,
  "val_image_mean_std": 0.01572779007256031,
  "val_loss": 2.7434153854846954,
  "val_negative_cosine_mean": 0.02726416476070881,
  "val_negative_cosine_std": 0.02859882451593876,
  "val_positive_cosine_mean": 0.03359552472829819,
  "val_positive_cosine_std": 0.034653838723897934,
  "val_positive_negative_margin": 0.006331359967589378,
  "val_s2i_mean_rank": 60.1328125,
  "val_s2i_median_rank": 58.0,
  "val_s2i_mrr": 0.053420960903167725,
  "val_s2i_rank_p10": 10.0,
  "val_s2i_rank_p90": 115.29999542236328,
  "val_s2i_rank_percentile_mean": 0.5343872904777527,
  "val_s2i_rank_percentile_median": 0.5196850299835205,
  "val_s2i_recall@1": 0.015625,
  "val_s2i_recall@10": 0.109375,
  "val_s2i_recall@5": 0.0546875,
  "val_spectrum_mean_norm": 1.0,
  "val_spectrum_mean_std": 0.010406997054815292,
  "val_spectrum_valid_fraction": 0.21562076546251774
}
