{
  "checkpoint_path": "project/results/contrastive/normalized_smoke_20260715/best.pt",
  "fold": 0,
  "i2s_recall@1": 0.0078125,
  "i2s_recall@10": 0.0859375,
  "i2s_recall@5": 0.0390625,
  "image_channel_valid_fraction": 0.5225694477558136,
  "image_mean_norm": 1.0,
  "image_mean_std": 0.011818992905318737,
  "n_objects": 128,
  "s2i_recall@1": 0.0078125,
  "s2i_recall@10": 0.0859375,
  "s2i_recall@5": 0.03125,
  "spectrum_mean_norm": 1.0,
  "spectrum_mean_std": 0.0038262573070824146,
  "spectrum_valid_fraction": 0.2156207598745823,
  "split": "val"
}
