{
  "best_epoch": 3,
  "best_learning_rate": 0.00029998835402006283,
  "best_n_train": 46213,
  "best_n_val": 8192,
  "best_seconds": 41.105,
  "best_stopped_early": false,
  "best_train_grad_norm": 3.929288736924168,
  "best_train_loss": 2.5436647222116333,
  "best_val_i2s_recall@1": 0.0008544921875,
  "best_val_i2s_recall@10": 0.005615234375,
  "best_val_i2s_recall@5": 0.0029296875,
  "best_val_image_channel_valid_fraction": 0.5200059750350192,
  "best_val_image_mean_norm": 1.0,
  "best_val_image_mean_std": 0.03280378505587578,
  "best_val_loss": 2.973097253590822,
  "best_val_negative_cosine_mean": 0.4446018934249878,
  "best_val_negative_cosine_std": 0.14792655408382416,
  "best_val_positive_cosine_mean": 0.5535770654678345,
  "best_val_positive_cosine_std": 0.06369507312774658,
  "best_val_positive_negative_margin": 0.10897517204284668,
  "best_val_s2i_recall@1": 0.000244140625,
  "best_val_s2i_recall@10": 0.0052490234375,
  "best_val_s2i_recall@5": 0.00244140625,
  "best_val_spectrum_mean_norm": 1.0,
  "best_val_spectrum_mean_std": 0.041039735078811646,
  "best_val_spectrum_valid_fraction": 0.2147973247920163,
  "epoch": 23,
  "learning_rate": 0.000298593060290256,
  "n_train": 46213,
  "n_val": 8192,
  "seconds": 41.69,
  "stopped_early": true,
  "train_grad_norm": 14.189085079311912,
  "train_loss": 1.4966118395122276,
  "val_i2s_recall@1": 0.00048828125,
  "val_i2s_recall@10": 0.0068359375,
  "val_i2s_recall@5": 0.0029296875,
  "val_image_channel_valid_fraction": 0.5200059750350192,
  "val_image_mean_norm": 1.0,
  "val_image_mean_std": 0.06727442890405655,
  "val_loss": 4.473718913272023,
  "val_negative_cosine_mean": 0.19251103699207306,
  "val_negative_cosine_std": 0.30752143263816833,
  "val_positive_cosine_mean": 0.407760888338089,
  "val_positive_cosine_std": 0.21423539519309998,
  "val_positive_negative_margin": 0.21524985134601593,
  "val_s2i_recall@1": 0.000732421875,
  "val_s2i_recall@10": 0.006591796875,
  "val_s2i_recall@5": 0.0035400390625,
  "val_spectrum_mean_norm": 1.0,
  "val_spectrum_mean_std": 0.0687531903386116,
  "val_spectrum_valid_fraction": 0.2147973247920163
}
