{
  "checkpoint_path": "project/results/contrastive/accum_temp_sweep_20260717_1918/temp010/best.pt",
  "fold": 0,
  "i2s_mean_rank": 1201.643310546875,
  "i2s_median_rank": 985.0,
  "i2s_mrr": 0.006329587660729885,
  "i2s_rank_p10": 128.0,
  "i2s_rank_p90": 2637.0,
  "i2s_rank_percentile_mean": 0.7068026065826416,
  "i2s_rank_percentile_median": 0.759706974029541,
  "i2s_recall@1": 0.0009765625,
  "i2s_recall@10": 0.0087890625,
  "i2s_recall@5": 0.004638671875,
  "image_channel_valid_fraction": 0.52042644075118,
  "image_mean_norm": 1.0,
  "image_mean_std": 0.04334159940481186,
  "n_objects": 4096,
  "negative_cosine_mean": 0.3564532995223999,
  "negative_cosine_std": 0.22015558183193207,
  "positive_cosine_mean": 0.50548255443573,
  "positive_cosine_std": 0.10393188148736954,
  "positive_negative_margin": 0.14902925491333008,
  "s2i_mean_rank": 1225.62060546875,
  "s2i_median_rank": 1009.0,
  "s2i_mrr": 0.005657961126416922,
  "s2i_rank_p10": 124.0,
  "s2i_rank_p90": 2699.5,
  "s2i_rank_percentile_mean": 0.7009473443031311,
  "s2i_rank_percentile_median": 0.7538461685180664,
  "s2i_recall@1": 0.000732421875,
  "s2i_recall@10": 0.00830078125,
  "s2i_recall@5": 0.003173828125,
  "spectrum_mean_norm": 1.0,
  "spectrum_mean_std": 0.04862987622618675,
  "spectrum_valid_fraction": 0.2145592961460352,
  "split": "val"
}
