{
  "checkpoint_path": "project/results/contrastive/hpo_loss_lr_temp_20260720_1320/lr3e4_temp015_s2i/best.pt",
  "fold": 0,
  "i2s_mean_rank": 1397.5205078125,
  "i2s_median_rank": 1167.0,
  "i2s_mrr": 0.003863648744300008,
  "i2s_rank_p10": 181.0,
  "i2s_rank_p90": 3013.5,
  "i2s_rank_percentile_mean": 0.6589694023132324,
  "i2s_rank_percentile_median": 0.7150182723999023,
  "i2s_recall@1": 0.0,
  "i2s_recall@10": 0.0048828125,
  "i2s_recall@5": 0.00244140625,
  "image_channel_valid_fraction": 0.5191786077339202,
  "image_mean_norm": 1.0,
  "image_mean_std": 0.04875483363866806,
  "n_objects": 4096,
  "negative_cosine_mean": 0.3330894708633423,
  "negative_cosine_std": 0.3937798738479614,
  "positive_cosine_mean": 0.5559663772583008,
  "positive_cosine_std": 0.269902765750885,
  "positive_negative_margin": 0.2228769063949585,
  "s2i_mean_rank": 1230.086669921875,
  "s2i_median_rank": 979.0,
  "s2i_mrr": 0.006501787807792425,
  "s2i_rank_p10": 126.0,
  "s2i_rank_p90": 2750.0,
  "s2i_rank_percentile_mean": 0.699856698513031,
  "s2i_rank_percentile_median": 0.7611721754074097,
  "s2i_recall@1": 0.0009765625,
  "s2i_recall@10": 0.009521484375,
  "s2i_recall@5": 0.0048828125,
  "spectrum_mean_norm": 1.0,
  "spectrum_mean_std": 0.06426798552274704,
  "spectrum_valid_fraction": 0.21432473615277559,
  "split": "test"
}
