{
  "checkpoint_path": "project/results/contrastive/hpo_loss_lr_temp_20260720_1320/lr1e3_temp010_sym/best.pt",
  "fold": 0,
  "i2s_mean_rank": 1175.132080078125,
  "i2s_median_rank": 942.0,
  "i2s_mrr": 0.0065058330073952675,
  "i2s_rank_p10": 116.0,
  "i2s_rank_p90": 2638.0,
  "i2s_rank_percentile_mean": 0.7132766246795654,
  "i2s_rank_percentile_median": 0.7702075839042664,
  "i2s_recall@1": 0.00048828125,
  "i2s_recall@10": 0.010498046875,
  "i2s_recall@5": 0.005615234375,
  "image_channel_valid_fraction": 0.52042644075118,
  "image_mean_norm": 1.0,
  "image_mean_std": 0.04168630391359329,
  "n_objects": 4096,
  "negative_cosine_mean": 0.3512234687805176,
  "negative_cosine_std": 0.22881001234054565,
  "positive_cosine_mean": 0.5072845816612244,
  "positive_cosine_std": 0.10311814397573471,
  "positive_negative_margin": 0.1560611128807068,
  "s2i_mean_rank": 1176.1220703125,
  "s2i_median_rank": 929.0,
  "s2i_mrr": 0.006996395066380501,
  "s2i_rank_p10": 110.0,
  "s2i_rank_p90": 2684.5,
  "s2i_rank_percentile_mean": 0.7130349278450012,
  "s2i_rank_percentile_median": 0.7731379866600037,
  "s2i_recall@1": 0.001220703125,
  "s2i_recall@10": 0.01123046875,
  "s2i_recall@5": 0.005615234375,
  "spectrum_mean_norm": 1.0,
  "spectrum_mean_std": 0.04718390852212906,
  "spectrum_valid_fraction": 0.2145592961460352,
  "split": "val"
}
