{
  "best_contrastive_loss": "image_to_spectrum_info_nce",
  "best_epoch": 5,
  "best_learning_rate": 9.94459753267812e-05,
  "best_n_train": 16384,
  "best_n_val": 4096,
  "best_seconds": 13.64,
  "best_stopped_early": false,
  "best_temperature": 0.1,
  "best_train_contrastive_accumulation_steps": 4.0,
  "best_train_effective_contrastive_batch_size": 128.0,
  "best_train_grad_norm": 5.464561304077506,
  "best_train_loss": 4.38890453055501,
  "best_train_optimizer_steps": 128.0,
  "best_val_i2s_mean_rank": 1208.20947265625,
  "best_val_i2s_median_rank": 986.0,
  "best_val_i2s_mrr": 0.006319461390376091,
  "best_val_i2s_rank_p10": 120.5,
  "best_val_i2s_rank_p90": 2676.0,
  "best_val_i2s_rank_percentile_mean": 0.705199122428894,
  "best_val_i2s_rank_percentile_median": 0.7592185735702515,
  "best_val_i2s_recall@1": 0.0009765625,
  "best_val_i2s_recall@10": 0.0107421875,
  "best_val_i2s_recall@5": 0.00390625,
  "best_val_image_channel_valid_fraction": 0.52042644075118,
  "best_val_image_mean_norm": 1.0,
  "best_val_image_mean_std": 0.047569841146469116,
  "best_val_loss": 3.101483080536127,
  "best_val_negative_cosine_mean": 0.3992021083831787,
  "best_val_negative_cosine_std": 0.2023894190788269,
  "best_val_positive_cosine_mean": 0.5264531373977661,
  "best_val_positive_cosine_std": 0.0965091735124588,
  "best_val_positive_negative_margin": 0.1272510290145874,
  "best_val_s2i_mean_rank": 1293.35205078125,
  "best_val_s2i_median_rank": 1109.0,
  "best_val_s2i_mrr": 0.004629237577319145,
  "best_val_s2i_rank_p10": 144.0,
  "best_val_s2i_rank_p90": 2780.0,
  "best_val_s2i_rank_percentile_mean": 0.6844072937965393,
  "best_val_s2i_rank_percentile_median": 0.7291818857192993,
  "best_val_s2i_recall@1": 0.000244140625,
  "best_val_s2i_recall@10": 0.007080078125,
  "best_val_s2i_recall@5": 0.002685546875,
  "best_val_spectrum_mean_norm": 1.0,
  "best_val_spectrum_mean_std": 0.04406324774026871,
  "best_val_spectrum_valid_fraction": 0.2145592961460352,
  "contrastive_loss": "image_to_spectrum_info_nce",
  "epoch": 11,
  "learning_rate": 9.657457896300791e-05,
  "n_train": 16384,
  "n_val": 4096,
  "seconds": 14.482,
  "stopped_early": true,
  "temperature": 0.1,
  "train_contrastive_accumulation_steps": 4.0,
  "train_effective_contrastive_batch_size": 128.0,
  "train_grad_norm": 15.659530647099018,
  "train_loss": 3.937111997976899,
  "train_optimizer_steps": 128.0,
  "val_i2s_mean_rank": 1288.440185546875,
  "val_i2s_median_rank": 1058.0,
  "val_i2s_mrr": 0.0063300239853560925,
  "val_i2s_rank_p10": 140.0,
  "val_i2s_rank_p90": 2805.0,
  "val_i2s_rank_percentile_mean": 0.6856067776679993,
  "val_i2s_rank_percentile_median": 0.7418802976608276,
  "val_i2s_recall@1": 0.0009765625,
  "val_i2s_recall@10": 0.01025390625,
  "val_i2s_recall@5": 0.005126953125,
  "val_image_channel_valid_fraction": 0.52042644075118,
  "val_image_mean_norm": 1.0,
  "val_image_mean_std": 0.07684345543384552,
  "val_loss": 3.496449116617441,
  "val_negative_cosine_mean": 0.25872981548309326,
  "val_negative_cosine_std": 0.30015718936920166,
  "val_positive_cosine_mean": 0.43915942311286926,
  "val_positive_cosine_std": 0.17492499947547913,
  "val_positive_negative_margin": 0.180429607629776,
  "val_s2i_mean_rank": 1336.255126953125,
  "val_s2i_median_rank": 1145.0,
  "val_s2i_mrr": 0.0049022794701159,
  "val_s2i_rank_p10": 157.0,
  "val_s2i_rank_p90": 2822.5,
  "val_s2i_rank_percentile_mean": 0.6739303469657898,
  "val_s2i_rank_percentile_median": 0.720634937286377,
  "val_s2i_recall@1": 0.000244140625,
  "val_s2i_recall@10": 0.0078125,
  "val_s2i_recall@5": 0.003662109375,
  "val_spectrum_mean_norm": 1.0,
  "val_spectrum_mean_std": 0.0627334862947464,
  "val_spectrum_valid_fraction": 0.2145592961460352
}
