{
  "checkpoint_path": "project/results/contrastive/hpo_loss_lr_temp_20260720_1320/lr3e4_temp010_i2s/best.pt",
  "fold": 0,
  "i2s_mean_rank": 1187.584228515625,
  "i2s_median_rank": 964.0,
  "i2s_mrr": 0.006785072386264801,
  "i2s_rank_p10": 123.0,
  "i2s_rank_p90": 2630.5,
  "i2s_rank_percentile_mean": 0.7102358341217041,
  "i2s_rank_percentile_median": 0.7648351788520813,
  "i2s_recall@1": 0.001220703125,
  "i2s_recall@10": 0.01025390625,
  "i2s_recall@5": 0.00537109375,
  "image_channel_valid_fraction": 0.52042644075118,
  "image_mean_norm": 1.0,
  "image_mean_std": 0.048545461148023605,
  "n_objects": 4096,
  "negative_cosine_mean": 0.419462651014328,
  "negative_cosine_std": 0.23324784636497498,
  "positive_cosine_mean": 0.5695533156394958,
  "positive_cosine_std": 0.1132178083062172,
  "positive_negative_margin": 0.15009066462516785,
  "s2i_mean_rank": 1305.565185546875,
  "s2i_median_rank": 1108.0,
  "s2i_mrr": 0.006059351377189159,
  "s2i_rank_p10": 137.0,
  "s2i_rank_p90": 2804.0,
  "s2i_rank_percentile_mean": 0.6814248561859131,
  "s2i_rank_percentile_median": 0.7296702861785889,
  "s2i_recall@1": 0.001220703125,
  "s2i_recall@10": 0.00830078125,
  "s2i_recall@5": 0.005126953125,
  "spectrum_mean_norm": 1.0,
  "spectrum_mean_std": 0.04585843160748482,
  "spectrum_valid_fraction": 0.2145592961460352,
  "split": "val"
}
