{
  "checkpoint_path": "project/results/contrastive/accum_temp_sweep_20260717_1918/temp007/best.pt",
  "fold": 0,
  "i2s_mean_rank": 1204.778564453125,
  "i2s_median_rank": 945.0,
  "i2s_mrr": 0.0059869238175451756,
  "i2s_rank_p10": 108.0,
  "i2s_rank_p90": 2757.0,
  "i2s_rank_percentile_mean": 0.7060369253158569,
  "i2s_rank_percentile_median": 0.7692307829856873,
  "i2s_recall@1": 0.000732421875,
  "i2s_recall@10": 0.0078125,
  "i2s_recall@5": 0.003662109375,
  "image_channel_valid_fraction": 0.5191786077339202,
  "image_mean_norm": 1.0,
  "image_mean_std": 0.031194908544421196,
  "n_objects": 4096,
  "negative_cosine_mean": 0.31517431139945984,
  "negative_cosine_std": 0.12990352511405945,
  "positive_cosine_mean": 0.4041842818260193,
  "positive_cosine_std": 0.07330672442913055,
  "positive_negative_margin": 0.08900997042655945,
  "s2i_mean_rank": 1224.438232421875,
  "s2i_median_rank": 996.0,
  "s2i_mrr": 0.007323968689888716,
  "s2i_rank_p10": 132.0,
  "s2i_rank_p90": 2727.0,
  "s2i_rank_percentile_mean": 0.7012361288070679,
  "s2i_rank_percentile_median": 0.7567765712738037,
  "s2i_recall@1": 0.001708984375,
  "s2i_recall@10": 0.011962890625,
  "s2i_recall@5": 0.00634765625,
  "spectrum_mean_norm": 1.0,
  "spectrum_mean_std": 0.03868931159377098,
  "spectrum_valid_fraction": 0.21432473615277559,
  "split": "test"
}
