{
  "checkpoint_path": "project/results/contrastive/hpo_loss_lr_temp_20260720_1320/lr3e4_temp015_sym/best.pt",
  "fold": 0,
  "i2s_mean_rank": 1193.96240234375,
  "i2s_median_rank": 933.0,
  "i2s_mrr": 0.007575083989650011,
  "i2s_rank_p10": 115.0,
  "i2s_rank_p90": 2726.5,
  "i2s_rank_percentile_mean": 0.7086783051490784,
  "i2s_rank_percentile_median": 0.7721611857414246,
  "i2s_recall@1": 0.001708984375,
  "i2s_recall@10": 0.01171875,
  "i2s_recall@5": 0.006103515625,
  "image_channel_valid_fraction": 0.5191786077339202,
  "image_mean_norm": 1.0,
  "image_mean_std": 0.0512310191988945,
  "n_objects": 4096,
  "negative_cosine_mean": 0.3064853847026825,
  "negative_cosine_std": 0.29572901129722595,
  "positive_cosine_mean": 0.5154421329498291,
  "positive_cosine_std": 0.15185615420341492,
  "positive_negative_margin": 0.2089567482471466,
  "s2i_mean_rank": 1213.565185546875,
  "s2i_median_rank": 949.0,
  "s2i_mrr": 0.006760795600712299,
  "s2i_rank_p10": 119.0,
  "s2i_rank_p90": 2738.5,
  "s2i_rank_percentile_mean": 0.7038913369178772,
  "s2i_rank_percentile_median": 0.7680097818374634,
  "s2i_recall@1": 0.001220703125,
  "s2i_recall@10": 0.0107421875,
  "s2i_recall@5": 0.0048828125,
  "spectrum_mean_norm": 1.0,
  "spectrum_mean_std": 0.05680420994758606,
  "spectrum_valid_fraction": 0.21432473615277559,
  "split": "test"
}
