{
  "checkpoint_path": "project/results/contrastive/sweep_20260715_175816/lr3e4_temp003_b64/best.pt",
  "fold": 0,
  "i2s_recall@1": 0.00146484375,
  "i2s_recall@10": 0.02001953125,
  "i2s_recall@5": 0.01025390625,
  "image_channel_valid_fraction": 0.5198025275021791,
  "image_mean_norm": 1.0,
  "image_mean_std": 0.022448619827628136,
  "n_objects": 2048,
  "s2i_recall@1": 0.0009765625,
  "s2i_recall@10": 0.0126953125,
  "s2i_recall@5": 0.0068359375,
  "spectrum_mean_norm": 1.0,
  "spectrum_mean_std": 0.024828247725963593,
  "spectrum_valid_fraction": 0.2120865061879158,
  "split": "val"
}
