{
  "best_contrastive_loss": "symmetric_info_nce",
  "best_epoch": 4,
  "best_learning_rate": 0.00029899492625846426,
  "best_n_train": 16384,
  "best_n_val": 4096,
  "best_seconds": 13.797,
  "best_stopped_early": false,
  "best_temperature": 0.15,
  "best_train_contrastive_accumulation_steps": 4.0,
  "best_train_effective_contrastive_batch_size": 128.0,
  "best_train_grad_norm": 4.268301865085959,
  "best_train_loss": 4.336280334740877,
  "best_train_optimizer_steps": 128.0,
  "best_val_i2s_mean_rank": 1196.31298828125,
  "best_val_i2s_median_rank": 959.0,
  "best_val_i2s_mrr": 0.0067860158160328865,
  "best_val_i2s_rank_p10": 125.0,
  "best_val_i2s_rank_p90": 2653.0,
  "best_val_i2s_rank_percentile_mean": 0.7081042528152466,
  "best_val_i2s_rank_percentile_median": 0.7658119797706604,
  "best_val_i2s_recall@1": 0.00146484375,
  "best_val_i2s_recall@10": 0.00927734375,
  "best_val_i2s_recall@5": 0.00537109375,
  "best_val_image_channel_valid_fraction": 0.52042644075118,
  "best_val_image_mean_norm": 1.0,
  "best_val_image_mean_std": 0.05155939236283302,
  "best_val_loss": 3.1155702732503414,
  "best_val_negative_cosine_mean": 0.30420830845832825,
  "best_val_negative_cosine_std": 0.29594579339027405,
  "best_val_positive_cosine_mean": 0.512614905834198,
  "best_val_positive_cosine_std": 0.15465125441551208,
  "best_val_positive_negative_margin": 0.20840659737586975,
  "best_val_s2i_mean_rank": 1223.355224609375,
  "best_val_s2i_median_rank": 1010.0,
  "best_val_s2i_mrr": 0.005826207343488932,
  "best_val_s2i_rank_p10": 124.5,
  "best_val_s2i_rank_p90": 2693.5,
  "best_val_s2i_rank_percentile_mean": 0.7015005946159363,
  "best_val_s2i_rank_percentile_median": 0.7536019682884216,
  "best_val_s2i_recall@1": 0.0009765625,
  "best_val_s2i_recall@10": 0.0078125,
  "best_val_s2i_recall@5": 0.003662109375,
  "best_val_spectrum_mean_norm": 1.0,
  "best_val_spectrum_mean_std": 0.05705317109823227,
  "best_val_spectrum_valid_fraction": 0.2145592961460352,
  "contrastive_loss": "symmetric_info_nce",
  "epoch": 10,
  "learning_rate": 0.0002910377437087601,
  "n_train": 16384,
  "n_val": 4096,
  "seconds": 13.673,
  "stopped_early": true,
  "temperature": 0.15,
  "train_contrastive_accumulation_steps": 4.0,
  "train_effective_contrastive_batch_size": 128.0,
  "train_grad_norm": 13.390785783529282,
  "train_loss": 3.4778736103326082,
  "train_optimizer_steps": 128.0,
  "val_i2s_mean_rank": 1357.648681640625,
  "val_i2s_median_rank": 1124.0,
  "val_i2s_mrr": 0.005072322674095631,
  "val_i2s_rank_p10": 137.0,
  "val_i2s_rank_p90": 2996.0,
  "val_i2s_rank_percentile_mean": 0.6687060594558716,
  "val_i2s_rank_percentile_median": 0.7255189418792725,
  "val_i2s_recall@1": 0.00048828125,
  "val_i2s_recall@10": 0.00732421875,
  "val_i2s_recall@5": 0.003173828125,
  "val_image_channel_valid_fraction": 0.52042644075118,
  "val_image_mean_norm": 1.0,
  "val_image_mean_std": 0.07935827225446701,
  "val_loss": 4.1169698145240545,
  "val_negative_cosine_mean": 0.11832494288682938,
  "val_negative_cosine_std": 0.461220920085907,
  "val_positive_cosine_mean": 0.4051060080528259,
  "val_positive_cosine_std": 0.3638952374458313,
  "val_positive_negative_margin": 0.28678107261657715,
  "val_s2i_mean_rank": 1357.973388671875,
  "val_s2i_median_rank": 1130.0,
  "val_s2i_mrr": 0.00627510342746973,
  "val_s2i_rank_p10": 129.0,
  "val_s2i_rank_p90": 2960.5,
  "val_s2i_rank_percentile_mean": 0.6686267256736755,
  "val_s2i_rank_percentile_median": 0.7240537405014038,
  "val_s2i_recall@1": 0.001220703125,
  "val_s2i_recall@10": 0.01025390625,
  "val_s2i_recall@5": 0.005126953125,
  "val_spectrum_mean_norm": 1.0,
  "val_spectrum_mean_std": 0.07697945833206177,
  "val_spectrum_valid_fraction": 0.2145592961460352
}
