{
  "best_contrastive_loss": "symmetric_info_nce",
  "best_epoch": 4,
  "best_learning_rate": 9.96880805629717e-05,
  "best_n_train": 16384,
  "best_n_val": 4096,
  "best_seconds": 13.226,
  "best_stopped_early": false,
  "best_temperature": 0.15,
  "best_train_contrastive_accumulation_steps": 4.0,
  "best_train_effective_contrastive_batch_size": 128.0,
  "best_train_grad_norm": 4.579034395515919,
  "best_train_loss": 4.438342519104481,
  "best_train_optimizer_steps": 128.0,
  "best_val_i2s_mean_rank": 1224.46875,
  "best_val_i2s_median_rank": 990.0,
  "best_val_i2s_mrr": 0.006936830002814531,
  "best_val_i2s_rank_p10": 123.0,
  "best_val_i2s_rank_p90": 2732.0,
  "best_val_i2s_rank_percentile_mean": 0.7012286186218262,
  "best_val_i2s_rank_percentile_median": 0.7582417726516724,
  "best_val_i2s_recall@1": 0.0009765625,
  "best_val_i2s_recall@10": 0.010498046875,
  "best_val_i2s_recall@5": 0.006591796875,
  "best_val_image_channel_valid_fraction": 0.52042644075118,
  "best_val_image_mean_norm": 1.0,
  "best_val_image_mean_std": 0.046713802963495255,
  "best_val_loss": 3.1060635056346655,
  "best_val_negative_cosine_mean": 0.33572012186050415,
  "best_val_negative_cosine_std": 0.2295820116996765,
  "best_val_positive_cosine_mean": 0.49378326535224915,
  "best_val_positive_cosine_std": 0.1289866864681244,
  "best_val_positive_negative_margin": 0.158063143491745,
  "best_val_s2i_mean_rank": 1250.422607421875,
  "best_val_s2i_median_rank": 1025.0,
  "best_val_s2i_mrr": 0.005405348725616932,
  "best_val_s2i_rank_p10": 127.0,
  "best_val_s2i_rank_p90": 2766.5,
  "best_val_s2i_rank_percentile_mean": 0.6948906779289246,
  "best_val_s2i_rank_percentile_median": 0.7496947050094604,
  "best_val_s2i_recall@1": 0.00048828125,
  "best_val_s2i_recall@10": 0.0078125,
  "best_val_s2i_recall@5": 0.003662109375,
  "best_val_spectrum_mean_norm": 1.0,
  "best_val_spectrum_mean_std": 0.051875971257686615,
  "best_val_spectrum_valid_fraction": 0.2145592961460352,
  "contrastive_loss": "symmetric_info_nce",
  "epoch": 10,
  "learning_rate": 9.72186101165118e-05,
  "n_train": 16384,
  "n_val": 4096,
  "seconds": 13.951,
  "stopped_early": true,
  "temperature": 0.15,
  "train_contrastive_accumulation_steps": 4.0,
  "train_effective_contrastive_batch_size": 128.0,
  "train_grad_norm": 10.167307563126087,
  "train_loss": 4.03615802153945,
  "train_optimizer_steps": 128.0,
  "val_i2s_mean_rank": 1293.108642578125,
  "val_i2s_median_rank": 1078.0,
  "val_i2s_mrr": 0.00613136263564229,
  "val_i2s_rank_p10": 140.0,
  "val_i2s_rank_p90": 2854.0,
  "val_i2s_rank_percentile_mean": 0.6844667196273804,
  "val_i2s_rank_percentile_median": 0.7369962930679321,
  "val_i2s_recall@1": 0.000732421875,
  "val_i2s_recall@10": 0.010009765625,
  "val_i2s_recall@5": 0.006103515625,
  "val_image_channel_valid_fraction": 0.52042644075118,
  "val_image_mean_norm": 1.0,
  "val_image_mean_std": 0.07402592152357101,
  "val_loss": 3.3319180365651846,
  "val_negative_cosine_mean": 0.25059255957603455,
  "val_negative_cosine_std": 0.33334314823150635,
  "val_positive_cosine_mean": 0.47100621461868286,
  "val_positive_cosine_std": 0.2018936574459076,
  "val_positive_negative_margin": 0.22041365504264832,
  "val_s2i_mean_rank": 1310.154296875,
  "val_s2i_median_rank": 1092.0,
  "val_s2i_mrr": 0.005567534826695919,
  "val_s2i_rank_p10": 143.0,
  "val_s2i_rank_p90": 2814.0,
  "val_s2i_rank_percentile_mean": 0.680304229259491,
  "val_s2i_rank_percentile_median": 0.7323565483093262,
  "val_s2i_recall@1": 0.000732421875,
  "val_s2i_recall@10": 0.008056640625,
  "val_s2i_recall@5": 0.00439453125,
  "val_spectrum_mean_norm": 1.0,
  "val_spectrum_mean_std": 0.06629718840122223,
  "val_spectrum_valid_fraction": 0.2145592961460352
}
