{
  "checkpoint_path": "project/results/contrastive/hpo_loss_lr_temp_20260720_1320/lr1e3_temp010_s2i/best.pt",
  "fold": 0,
  "i2s_mean_rank": 1441.72607421875,
  "i2s_median_rank": 1187.0,
  "i2s_mrr": 0.005661617033183575,
  "i2s_rank_p10": 174.5,
  "i2s_rank_p90": 3170.0,
  "i2s_rank_percentile_mean": 0.6481743454933167,
  "i2s_rank_percentile_median": 0.7101342678070068,
  "i2s_recall@1": 0.001220703125,
  "i2s_recall@10": 0.00732421875,
  "i2s_recall@5": 0.005126953125,
  "image_channel_valid_fraction": 0.5191786077339202,
  "image_mean_norm": 1.0,
  "image_mean_std": 0.03607851266860962,
  "n_objects": 4096,
  "negative_cosine_mean": 0.4369620084762573,
  "negative_cosine_std": 0.2698156237602234,
  "positive_cosine_mean": 0.5732601881027222,
  "positive_cosine_std": 0.19718505442142487,
  "positive_negative_margin": 0.13629817962646484,
  "s2i_mean_rank": 1190.14453125,
  "s2i_median_rank": 936.0,
  "s2i_mrr": 0.007686895318329334,
  "s2i_rank_p10": 111.5,
  "s2i_rank_p90": 2709.5,
  "s2i_rank_percentile_mean": 0.7096105813980103,
  "s2i_rank_percentile_median": 0.771672785282135,
  "s2i_recall@1": 0.001220703125,
  "s2i_recall@10": 0.0126953125,
  "s2i_recall@5": 0.00732421875,
  "spectrum_mean_norm": 1.0,
  "spectrum_mean_std": 0.050384532660245895,
  "spectrum_valid_fraction": 0.21432473615277559,
  "split": "test"
}
