{
  "checkpoint_path": "project/results/contrastive/hpo_loss_lr_temp_20260720_1320/lr1e4_temp010_s2i/best.pt",
  "fold": 0,
  "i2s_mean_rank": 1430.836669921875,
  "i2s_median_rank": 1192.0,
  "i2s_mrr": 0.0037759277038276196,
  "i2s_rank_p10": 179.5,
  "i2s_rank_p90": 3077.5,
  "i2s_rank_percentile_mean": 0.6508335471153259,
  "i2s_rank_percentile_median": 0.7089133262634277,
  "i2s_recall@1": 0.000244140625,
  "i2s_recall@10": 0.006103515625,
  "i2s_recall@5": 0.0009765625,
  "image_channel_valid_fraction": 0.52042644075118,
  "image_mean_norm": 1.0,
  "image_mean_std": 0.04433676600456238,
  "n_objects": 4096,
  "negative_cosine_mean": 0.41886043548583984,
  "negative_cosine_std": 0.26911690831184387,
  "positive_cosine_mean": 0.562099277973175,
  "positive_cosine_std": 0.20350424945354462,
  "positive_negative_margin": 0.1432388424873352,
  "s2i_mean_rank": 1233.27587890625,
  "s2i_median_rank": 1001.0,
  "s2i_mrr": 0.005685930140316486,
  "s2i_rank_p10": 124.0,
  "s2i_rank_p90": 2731.5,
  "s2i_rank_percentile_mean": 0.6990779042243958,
  "s2i_rank_percentile_median": 0.7555555701255798,
  "s2i_recall@1": 0.000732421875,
  "s2i_recall@10": 0.008056640625,
  "s2i_recall@5": 0.0029296875,
  "spectrum_mean_norm": 1.0,
  "spectrum_mean_std": 0.059669509530067444,
  "spectrum_valid_fraction": 0.2145592961460352,
  "split": "val"
}
