{
  "best_contrastive_loss": "spectrum_to_image_info_nce",
  "best_epoch": 4,
  "best_learning_rate": 0.0009965688861926887,
  "best_n_train": 16384,
  "best_n_val": 4096,
  "best_seconds": 12.937,
  "best_stopped_early": false,
  "best_temperature": 0.1,
  "best_train_contrastive_accumulation_steps": 4.0,
  "best_train_effective_contrastive_batch_size": 128.0,
  "best_train_grad_norm": 4.846764100715518,
  "best_train_loss": 4.336388416588306,
  "best_train_optimizer_steps": 128.0,
  "best_val_i2s_mean_rank": 1443.912109375,
  "best_val_i2s_median_rank": 1202.0,
  "best_val_i2s_mrr": 0.004209583159536123,
  "best_val_i2s_rank_p10": 190.0,
  "best_val_i2s_rank_p90": 3136.5,
  "best_val_i2s_rank_percentile_mean": 0.6476404666900635,
  "best_val_i2s_rank_percentile_median": 0.70647132396698,
  "best_val_i2s_recall@1": 0.000244140625,
  "best_val_i2s_recall@10": 0.007080078125,
  "best_val_i2s_recall@5": 0.002685546875,
  "best_val_image_channel_valid_fraction": 0.52042644075118,
  "best_val_image_mean_norm": 1.0,
  "best_val_image_mean_std": 0.0360637828707695,
  "best_val_loss": 3.0537413377314806,
  "best_val_negative_cosine_mean": 0.43594634532928467,
  "best_val_negative_cosine_std": 0.26719099283218384,
  "best_val_positive_cosine_mean": 0.5717265009880066,
  "best_val_positive_cosine_std": 0.19866997003555298,
  "best_val_positive_negative_margin": 0.13578015565872192,
  "best_val_s2i_mean_rank": 1177.55615234375,
  "best_val_s2i_median_rank": 928.0,
  "best_val_s2i_mrr": 0.006821616552770138,
  "best_val_s2i_rank_p10": 112.0,
  "best_val_s2i_rank_p90": 2661.5,
  "best_val_s2i_rank_percentile_mean": 0.7126847505569458,
  "best_val_s2i_rank_percentile_median": 0.7733821868896484,
  "best_val_s2i_recall@1": 0.000732421875,
  "best_val_s2i_recall@10": 0.01025390625,
  "best_val_s2i_recall@5": 0.005859375,
  "best_val_spectrum_mean_norm": 1.0,
  "best_val_spectrum_mean_std": 0.05067833140492439,
  "best_val_spectrum_valid_fraction": 0.2145592961460352,
  "contrastive_loss": "spectrum_to_image_info_nce",
  "epoch": 10,
  "learning_rate": 0.0009694047112816298,
  "n_train": 16384,
  "n_val": 4096,
  "seconds": 13.033,
  "stopped_early": true,
  "temperature": 0.1,
  "train_contrastive_accumulation_steps": 4.0,
  "train_effective_contrastive_batch_size": 128.0,
  "train_grad_norm": 7.598254218697548,
  "train_loss": 3.5827480163425207,
  "train_optimizer_steps": 128.0,
  "val_i2s_mean_rank": 1293.28857421875,
  "val_i2s_median_rank": 1080.0,
  "val_i2s_mrr": 0.0049375807866454124,
  "val_i2s_rank_p10": 144.5,
  "val_i2s_rank_p90": 2849.0,
  "val_i2s_rank_percentile_mean": 0.6844228506088257,
  "val_i2s_rank_percentile_median": 0.7362637519836426,
  "val_i2s_recall@1": 0.00048828125,
  "val_i2s_recall@10": 0.0068359375,
  "val_i2s_recall@5": 0.003173828125,
  "val_image_channel_valid_fraction": 0.52042644075118,
  "val_image_mean_norm": 1.0,
  "val_image_mean_std": 0.05883803218603134,
  "val_loss": 3.7788941115140915,
  "val_negative_cosine_mean": 0.3013826310634613,
  "val_negative_cosine_std": 0.4179893732070923,
  "val_positive_cosine_mean": 0.5660381317138672,
  "val_positive_cosine_std": 0.25251370668411255,
  "val_positive_negative_margin": 0.2646555006504059,
  "val_s2i_mean_rank": 1284.411376953125,
  "val_s2i_median_rank": 1073.0,
  "val_s2i_mrr": 0.005687279626727104,
  "val_s2i_rank_p10": 124.0,
  "val_s2i_rank_p90": 2805.5,
  "val_s2i_rank_percentile_mean": 0.6865906119346619,
  "val_s2i_rank_percentile_median": 0.7382173538208008,
  "val_s2i_recall@1": 0.000732421875,
  "val_s2i_recall@10": 0.009521484375,
  "val_s2i_recall@5": 0.005126953125,
  "val_spectrum_mean_norm": 1.0,
  "val_spectrum_mean_std": 0.07045736908912659,
  "val_spectrum_valid_fraction": 0.2145592961460352
}
