{
  "checkpoint_path": "project/results/contrastive/hpo_loss_lr_temp_20260720_1320/lr1e4_temp015_sym/best.pt",
  "fold": 0,
  "i2s_mean_rank": 1224.46875,
  "i2s_median_rank": 990.0,
  "i2s_mrr": 0.006936830002814531,
  "i2s_rank_p10": 123.0,
  "i2s_rank_p90": 2732.0,
  "i2s_rank_percentile_mean": 0.7012286186218262,
  "i2s_rank_percentile_median": 0.7582417726516724,
  "i2s_recall@1": 0.0009765625,
  "i2s_recall@10": 0.010498046875,
  "i2s_recall@5": 0.006591796875,
  "image_channel_valid_fraction": 0.52042644075118,
  "image_mean_norm": 1.0,
  "image_mean_std": 0.046713802963495255,
  "n_objects": 4096,
  "negative_cosine_mean": 0.33572012186050415,
  "negative_cosine_std": 0.2295820116996765,
  "positive_cosine_mean": 0.49378326535224915,
  "positive_cosine_std": 0.1289866864681244,
  "positive_negative_margin": 0.158063143491745,
  "s2i_mean_rank": 1250.422607421875,
  "s2i_median_rank": 1025.0,
  "s2i_mrr": 0.005405348725616932,
  "s2i_rank_p10": 127.0,
  "s2i_rank_p90": 2766.5,
  "s2i_rank_percentile_mean": 0.6948906779289246,
  "s2i_rank_percentile_median": 0.7496947050094604,
  "s2i_recall@1": 0.00048828125,
  "s2i_recall@10": 0.0078125,
  "s2i_recall@5": 0.003662109375,
  "spectrum_mean_norm": 1.0,
  "spectrum_mean_std": 0.051875971257686615,
  "spectrum_valid_fraction": 0.2145592961460352,
  "split": "val"
}
