{
  "best_contrastive_loss": "image_to_spectrum_info_nce",
  "best_epoch": 4,
  "best_learning_rate": 0.0009965688861926887,
  "best_n_train": 16384,
  "best_n_val": 4096,
  "best_seconds": 14.584,
  "best_stopped_early": false,
  "best_temperature": 0.15,
  "best_train_contrastive_accumulation_steps": 4.0,
  "best_train_effective_contrastive_batch_size": 128.0,
  "best_train_grad_norm": 3.1171529293060303,
  "best_train_loss": 4.333045836538076,
  "best_train_optimizer_steps": 128.0,
  "best_val_i2s_mean_rank": 1130.86572265625,
  "best_val_i2s_median_rank": 894.0,
  "best_val_i2s_mrr": 0.006269808858633041,
  "best_val_i2s_rank_p10": 116.5,
  "best_val_i2s_rank_p90": 2569.0,
  "best_val_i2s_rank_percentile_mean": 0.7240865230560303,
  "best_val_i2s_rank_percentile_median": 0.7819291949272156,
  "best_val_i2s_recall@1": 0.000732421875,
  "best_val_i2s_recall@10": 0.00927734375,
  "best_val_i2s_recall@5": 0.005126953125,
  "best_val_image_channel_valid_fraction": 0.52042644075118,
  "best_val_image_mean_norm": 1.0,
  "best_val_image_mean_std": 0.05748195946216583,
  "best_val_loss": 3.0585527177900076,
  "best_val_negative_cosine_mean": 0.4254594147205353,
  "best_val_negative_cosine_std": 0.3324819803237915,
  "best_val_positive_cosine_mean": 0.6482449769973755,
  "best_val_positive_cosine_std": 0.1529248207807541,
  "best_val_positive_negative_margin": 0.2227855622768402,
  "best_val_s2i_mean_rank": 1243.920166015625,
  "best_val_s2i_median_rank": 1026.0,
  "best_val_s2i_mrr": 0.0053519937209784985,
  "best_val_s2i_rank_p10": 143.0,
  "best_val_s2i_rank_p90": 2717.5,
  "best_val_s2i_rank_percentile_mean": 0.6964786052703857,
  "best_val_s2i_rank_percentile_median": 0.7496947050094604,
  "best_val_s2i_recall@1": 0.0009765625,
  "best_val_s2i_recall@10": 0.007568359375,
  "best_val_s2i_recall@5": 0.003173828125,
  "best_val_spectrum_mean_norm": 1.0,
  "best_val_spectrum_mean_std": 0.05015575885772705,
  "best_val_spectrum_valid_fraction": 0.2145592961460352,
  "contrastive_loss": "image_to_spectrum_info_nce",
  "epoch": 10,
  "learning_rate": 0.0009694047112816298,
  "n_train": 16384,
  "n_val": 4096,
  "seconds": 13.157,
  "stopped_early": true,
  "temperature": 0.15,
  "train_contrastive_accumulation_steps": 4.0,
  "train_effective_contrastive_batch_size": 128.0,
  "train_grad_norm": 5.593320529907942,
  "train_loss": 3.766684105619788,
  "train_optimizer_steps": 128.0,
  "val_i2s_mean_rank": 1233.2177734375,
  "val_i2s_median_rank": 985.0,
  "val_i2s_mrr": 0.007389385253190994,
  "val_i2s_rank_p10": 133.0,
  "val_i2s_rank_p90": 2763.0,
  "val_i2s_rank_percentile_mean": 0.6990920901298523,
  "val_i2s_rank_percentile_median": 0.759706974029541,
  "val_i2s_recall@1": 0.002197265625,
  "val_i2s_recall@10": 0.011474609375,
  "val_i2s_recall@5": 0.005126953125,
  "val_image_channel_valid_fraction": 0.52042644075118,
  "val_image_mean_norm": 1.0,
  "val_image_mean_std": 0.06870298832654953,
  "val_loss": 3.509422728791833,
  "val_negative_cosine_mean": 0.2661683261394501,
  "val_negative_cosine_std": 0.44325026869773865,
  "val_positive_cosine_mean": 0.5664840340614319,
  "val_positive_cosine_std": 0.2589474320411682,
  "val_positive_negative_margin": 0.3003157079219818,
  "val_s2i_mean_rank": 1253.14208984375,
  "val_s2i_median_rank": 1029.0,
  "val_s2i_mrr": 0.005880972370505333,
  "val_s2i_rank_p10": 137.0,
  "val_s2i_rank_p90": 2732.0,
  "val_s2i_rank_percentile_mean": 0.6942265629768372,
  "val_s2i_rank_percentile_median": 0.7489621639251709,
  "val_s2i_recall@1": 0.0009765625,
  "val_s2i_recall@10": 0.008544921875,
  "val_s2i_recall@5": 0.0048828125,
  "val_spectrum_mean_norm": 1.0,
  "val_spectrum_mean_std": 0.0688481554389,
  "val_spectrum_valid_fraction": 0.2145592961460352
}
