{
  "best_contrastive_loss": "symmetric_info_nce",
  "best_epoch": 4,
  "best_learning_rate": 0.0009965688861926887,
  "best_n_train": 16384,
  "best_n_val": 4096,
  "best_seconds": 13.804,
  "best_stopped_early": false,
  "best_temperature": 0.15,
  "best_train_contrastive_accumulation_steps": 4.0,
  "best_train_effective_contrastive_batch_size": 128.0,
  "best_train_grad_norm": 3.5472428081557155,
  "best_train_loss": 4.332421038299799,
  "best_train_optimizer_steps": 128.0,
  "best_val_i2s_mean_rank": 1138.75244140625,
  "best_val_i2s_median_rank": 891.0,
  "best_val_i2s_mrr": 0.007291395682841539,
  "best_val_i2s_rank_p10": 110.0,
  "best_val_i2s_rank_p90": 2592.5,
  "best_val_i2s_rank_percentile_mean": 0.7221605777740479,
  "best_val_i2s_rank_percentile_median": 0.7824175953865051,
  "best_val_i2s_recall@1": 0.001220703125,
  "best_val_i2s_recall@10": 0.011962890625,
  "best_val_i2s_recall@5": 0.006103515625,
  "best_val_image_channel_valid_fraction": 0.52042644075118,
  "best_val_image_mean_norm": 1.0,
  "best_val_image_mean_std": 0.04811032488942146,
  "best_val_loss": 3.055827284231782,
  "best_val_negative_cosine_mean": 0.2698851525783539,
  "best_val_negative_cosine_std": 0.28046730160713196,
  "best_val_positive_cosine_mean": 0.47852739691734314,
  "best_val_positive_cosine_std": 0.146378755569458,
  "best_val_positive_negative_margin": 0.20864224433898926,
  "best_val_s2i_mean_rank": 1168.525634765625,
  "best_val_s2i_median_rank": 940.0,
  "best_val_s2i_mrr": 0.00735292537137866,
  "best_val_s2i_rank_p10": 109.0,
  "best_val_s2i_rank_p90": 2697.5,
  "best_val_s2i_rank_percentile_mean": 0.7148900032043457,
  "best_val_s2i_rank_percentile_median": 0.7706959843635559,
  "best_val_s2i_recall@1": 0.00146484375,
  "best_val_s2i_recall@10": 0.01171875,
  "best_val_s2i_recall@5": 0.005615234375,
  "best_val_spectrum_mean_norm": 1.0,
  "best_val_spectrum_mean_std": 0.054859790951013565,
  "best_val_spectrum_valid_fraction": 0.2145592961460352,
  "contrastive_loss": "symmetric_info_nce",
  "epoch": 10,
  "learning_rate": 0.0009694047112816298,
  "n_train": 16384,
  "n_val": 4096,
  "seconds": 13.94,
  "stopped_early": true,
  "temperature": 0.15,
  "train_contrastive_accumulation_steps": 4.0,
  "train_effective_contrastive_batch_size": 128.0,
  "train_grad_norm": 6.153679974377155,
  "train_loss": 3.7064538933336735,
  "train_optimizer_steps": 128.0,
  "val_i2s_mean_rank": 1244.287109375,
  "val_i2s_median_rank": 1016.0,
  "val_i2s_mrr": 0.006133443210273981,
  "val_i2s_rank_p10": 124.0,
  "val_i2s_rank_p90": 2734.5,
  "val_i2s_rank_percentile_mean": 0.6963889598846436,
  "val_i2s_rank_percentile_median": 0.7518925666809082,
  "val_i2s_recall@1": 0.0009765625,
  "val_i2s_recall@10": 0.00927734375,
  "val_i2s_recall@5": 0.004150390625,
  "val_image_channel_valid_fraction": 0.52042644075118,
  "val_image_mean_norm": 1.0,
  "val_image_mean_std": 0.06873040646314621,
  "val_loss": 3.626689273864031,
  "val_negative_cosine_mean": 0.16137292981147766,
  "val_negative_cosine_std": 0.43356457352638245,
  "val_positive_cosine_mean": 0.46889322996139526,
  "val_positive_cosine_std": 0.28672391176223755,
  "val_positive_negative_margin": 0.3075203001499176,
  "val_s2i_mean_rank": 1261.869384765625,
  "val_s2i_median_rank": 1025.0,
  "val_s2i_mrr": 0.005349132232367992,
  "val_s2i_rank_p10": 113.0,
  "val_s2i_rank_p90": 2830.0,
  "val_s2i_rank_percentile_mean": 0.6920953392982483,
  "val_s2i_rank_percentile_median": 0.74993896484375,
  "val_s2i_recall@1": 0.000244140625,
  "val_s2i_recall@10": 0.0068359375,
  "val_s2i_recall@5": 0.0029296875,
  "val_spectrum_mean_norm": 1.0,
  "val_spectrum_mean_std": 0.07224728167057037,
  "val_spectrum_valid_fraction": 0.2145592961460352
}
