{
  "checkpoint_path": "project/results/contrastive/hpo_loss_lr_temp_20260720_1320/lr1e3_temp010_i2s/best.pt",
  "fold": 0,
  "i2s_mean_rank": 1197.0107421875,
  "i2s_median_rank": 966.0,
  "i2s_mrr": 0.00626751221716404,
  "i2s_rank_p10": 112.5,
  "i2s_rank_p90": 2684.0,
  "i2s_rank_percentile_mean": 0.7079338431358337,
  "i2s_rank_percentile_median": 0.7643467783927917,
  "i2s_recall@1": 0.000732421875,
  "i2s_recall@10": 0.009521484375,
  "i2s_recall@5": 0.004638671875,
  "image_channel_valid_fraction": 0.5191786077339202,
  "image_mean_norm": 1.0,
  "image_mean_std": 0.04533810168504715,
  "n_objects": 4096,
  "negative_cosine_mean": 0.5033873915672302,
  "negative_cosine_std": 0.21543900668621063,
  "positive_cosine_mean": 0.6184581518173218,
  "positive_cosine_std": 0.1319083273410797,
  "positive_negative_margin": 0.11507076025009155,
  "s2i_mean_rank": 1564.372802734375,
  "s2i_median_rank": 1410.0,
  "s2i_mrr": 0.0041450392454862595,
  "s2i_rank_p10": 177.5,
  "s2i_rank_p90": 3197.0,
  "s2i_rank_percentile_mean": 0.618224024772644,
  "s2i_rank_percentile_median": 0.6559218168258667,
  "s2i_recall@1": 0.00048828125,
  "s2i_recall@10": 0.005126953125,
  "s2i_recall@5": 0.00244140625,
  "spectrum_mean_norm": 1.0,
  "spectrum_mean_std": 0.03417351096868515,
  "spectrum_valid_fraction": 0.21432473615277559,
  "split": "test"
}
