{
  "best_epoch": 2,
  "best_n_train": 8192,
  "best_n_val": 2048,
  "best_seconds": 7.273,
  "best_train_loss": 3.7987864557653666,
  "best_val_i2s_recall@1": 0.00146484375,
  "best_val_i2s_recall@10": 0.0224609375,
  "best_val_i2s_recall@5": 0.01220703125,
  "best_val_image_channel_valid_fraction": 0.5198025275021791,
  "best_val_image_mean_norm": 1.0,
  "best_val_image_mean_std": 0.033506907522678375,
  "best_val_loss": 3.8287156000733376,
  "best_val_s2i_recall@1": 0.0009765625,
  "best_val_s2i_recall@10": 0.01806640625,
  "best_val_s2i_recall@5": 0.01025390625,
  "best_val_spectrum_mean_norm": 1.0,
  "best_val_spectrum_mean_std": 0.04066622257232666,
  "best_val_spectrum_valid_fraction": 0.2120865061879158,
  "epoch": 8,
  "n_train": 8192,
  "n_val": 2048,
  "seconds": 6.651,
  "train_loss": 2.5706612411886454,
  "val_i2s_recall@1": 0.0009765625,
  "val_i2s_recall@10": 0.01953125,
  "val_i2s_recall@5": 0.00830078125,
  "val_image_channel_valid_fraction": 0.5198025275021791,
  "val_image_mean_norm": 1.0,
  "val_image_mean_std": 0.062262602150440216,
  "val_loss": 5.6912617683410645,
  "val_s2i_recall@1": 0.001953125,
  "val_s2i_recall@10": 0.015625,
  "val_s2i_recall@5": 0.00927734375,
  "val_spectrum_mean_norm": 1.0,
  "val_spectrum_mean_std": 0.07171069830656052,
  "val_spectrum_valid_fraction": 0.2120865061879158
}
