{
  "embedding_dim": 128,
  "embeddings_path": "project/results/contrastive/controlled_medium_20260716_213741/export_test4096/embeddings.npz",
  "knn_kth_distance": {
    "max": 0.06407904624938965,
    "mean": 0.006665009539574385,
    "min": 0.0016112923622131348,
    "p25": 0.0037108659744262695,
    "p50": 0.005434274673461914,
    "p75": 0.008257895708084106,
    "p95": 0.01476489007472992,
    "std": 0.004411936271935701
  },
  "knn_mean_distance": {
    "max": 0.040055591613054276,
    "mean": 0.005290546454489231,
    "min": 0.0013894677395001054,
    "p25": 0.0030491456855088472,
    "p50": 0.00435682525858283,
    "p75": 0.006514224223792553,
    "p95": 0.011317149735987186,
    "std": 0.003324642078951001
  },
  "n_objects": 4096,
  "pair_distance": {
    "max": 0.9364039301872253,
    "mean": 0.5399118065834045,
    "min": 0.22893869876861572,
    "p25": 0.5065938830375671,
    "p50": 0.5366650223731995,
    "p75": 0.5738540887832642,
    "p95": 0.6702198386192322,
    "std": 0.0789586678147316
  },
  "pca_explained_variance_ratio": [
    0.7012537717819214,
    0.16584838926792145
  ],
  "prefix_counts": {
    "hst_3dhst": 4096
  }
}
