{
  "checkpoint_path": "project/results/contrastive/hpo_loss_lr_temp_20260720_1320/lr1e4_temp010_sym/best.pt",
  "fold": 0,
  "i2s_mean_rank": 1229.7822265625,
  "i2s_median_rank": 1022.0,
  "i2s_mrr": 0.005802220199257135,
  "i2s_rank_p10": 119.0,
  "i2s_rank_p90": 2748.5,
  "i2s_rank_percentile_mean": 0.6999310255050659,
  "i2s_rank_percentile_median": 0.7506715655326843,
  "i2s_recall@1": 0.000732421875,
  "i2s_recall@10": 0.007568359375,
  "i2s_recall@5": 0.004150390625,
  "image_channel_valid_fraction": 0.5191786077339202,
  "image_mean_norm": 1.0,
  "image_mean_std": 0.04320060834288597,
  "n_objects": 4096,
  "negative_cosine_mean": 0.36301401257514954,
  "negative_cosine_std": 0.19107316434383392,
  "positive_cosine_mean": 0.49045106768608093,
  "positive_cosine_std": 0.09244591742753983,
  "positive_negative_margin": 0.1274370551109314,
  "s2i_mean_rank": 1246.801025390625,
  "s2i_median_rank": 1017.0,
  "s2i_mrr": 0.005830791778862476,
  "s2i_rank_p10": 131.0,
  "s2i_rank_p90": 2734.0,
  "s2i_rank_percentile_mean": 0.6957750916481018,
  "s2i_rank_percentile_median": 0.7518925666809082,
  "s2i_recall@1": 0.001220703125,
  "s2i_recall@10": 0.0078125,
  "s2i_recall@5": 0.00439453125,
  "spectrum_mean_norm": 1.0,
  "spectrum_mean_std": 0.04752485081553459,
  "spectrum_valid_fraction": 0.21432473615277559,
  "split": "test"
}
