{
  "checkpoint_path": "project/results/contrastive/sweep_20260715_175816/lr1e4_temp007_b64/best.pt",
  "fold": 0,
  "i2s_recall@1": 0.0,
  "i2s_recall@10": 0.0185546875,
  "i2s_recall@5": 0.009765625,
  "image_channel_valid_fraction": 0.5198025275021791,
  "image_mean_norm": 1.0,
  "image_mean_std": 0.03151868283748627,
  "n_objects": 2048,
  "s2i_recall@1": 0.0029296875,
  "s2i_recall@10": 0.0166015625,
  "s2i_recall@5": 0.00927734375,
  "spectrum_mean_norm": 1.0,
  "spectrum_mean_std": 0.0386165976524353,
  "spectrum_valid_fraction": 0.2120865061879158,
  "split": "val"
}
