{
  "embedding_dim": 128,
  "embeddings_path": "project/results/contrastive/long_simple_20260717_134339/export_val8192/embeddings.npz",
  "knn_kth_distance": {
    "max": 0.06060957908630371,
    "mean": 0.0062095122411847115,
    "min": 0.0010805726051330566,
    "p25": 0.003099799156188965,
    "p50": 0.004792928695678711,
    "p75": 0.007702097296714783,
    "p95": 0.015587076544761658,
    "std": 0.004814229439944029
  },
  "knn_mean_distance": {
    "max": 0.05149833485484123,
    "mean": 0.004996015690267086,
    "min": 0.0008538305992260575,
    "p25": 0.002544611692428589,
    "p50": 0.003890404012054205,
    "p75": 0.00618912884965539,
    "p95": 0.012073482386767864,
    "std": 0.003809600370004773
  },
  "n_objects": 8192,
  "pair_distance": {
    "max": 0.9086722135543823,
    "mean": 0.4466111361980438,
    "min": 0.16152065992355347,
    "p25": 0.42169371247291565,
    "p50": 0.4467077851295471,
    "p75": 0.47565197944641113,
    "p95": 0.54597008228302,
    "std": 0.0636761337518692
  },
  "pca_explained_variance_ratio": [
    0.6438217163085938,
    0.20104867219924927
  ],
  "prefix_counts": {
    "hst_3dhst": 8192
  }
}
