{
  "checkpoint_path": "project/results/contrastive/hpo_loss_lr_temp_20260720_1320/lr1e4_temp010_s2i/best.pt",
  "fold": 0,
  "i2s_mean_rank": 1441.28466796875,
  "i2s_median_rank": 1218.0,
  "i2s_mrr": 0.004965729080140591,
  "i2s_rank_p10": 162.0,
  "i2s_rank_p90": 3106.5,
  "i2s_rank_percentile_mean": 0.6482821702957153,
  "i2s_rank_percentile_median": 0.7015873193740845,
  "i2s_recall@1": 0.00048828125,
  "i2s_recall@10": 0.00732421875,
  "i2s_recall@5": 0.00439453125,
  "image_channel_valid_fraction": 0.5191786077339202,
  "image_mean_norm": 1.0,
  "image_mean_std": 0.04429320618510246,
  "n_objects": 4096,
  "negative_cosine_mean": 0.4209292232990265,
  "negative_cosine_std": 0.2733764052391052,
  "positive_cosine_mean": 0.5652175545692444,
  "positive_cosine_std": 0.20375970005989075,
  "positive_negative_margin": 0.1442883312702179,
  "s2i_mean_rank": 1245.27294921875,
  "s2i_median_rank": 1012.0,
  "s2i_mrr": 0.006365352310240269,
  "s2i_rank_p10": 118.0,
  "s2i_rank_p90": 2739.0,
  "s2i_rank_percentile_mean": 0.6961482763290405,
  "s2i_rank_percentile_median": 0.7531135678291321,
  "s2i_recall@1": 0.001220703125,
  "s2i_recall@10": 0.009765625,
  "s2i_recall@5": 0.00537109375,
  "spectrum_mean_norm": 1.0,
  "spectrum_mean_std": 0.059306856244802475,
  "spectrum_valid_fraction": 0.21432473615277559,
  "split": "test"
}
