{
  "checkpoint_path": "project/results/contrastive/hpo_loss_lr_temp_20260720_1320/lr1e3_temp015_i2s/best.pt",
  "fold": 0,
  "i2s_mean_rank": 1130.86572265625,
  "i2s_median_rank": 894.0,
  "i2s_mrr": 0.006269808858633041,
  "i2s_rank_p10": 116.5,
  "i2s_rank_p90": 2569.0,
  "i2s_rank_percentile_mean": 0.7240865230560303,
  "i2s_rank_percentile_median": 0.7819291949272156,
  "i2s_recall@1": 0.000732421875,
  "i2s_recall@10": 0.00927734375,
  "i2s_recall@5": 0.005126953125,
  "image_channel_valid_fraction": 0.52042644075118,
  "image_mean_norm": 1.0,
  "image_mean_std": 0.05748195946216583,
  "n_objects": 4096,
  "negative_cosine_mean": 0.4254594147205353,
  "negative_cosine_std": 0.3324819803237915,
  "positive_cosine_mean": 0.6482449769973755,
  "positive_cosine_std": 0.1529248207807541,
  "positive_negative_margin": 0.2227855622768402,
  "s2i_mean_rank": 1243.920166015625,
  "s2i_median_rank": 1026.0,
  "s2i_mrr": 0.0053519937209784985,
  "s2i_rank_p10": 143.0,
  "s2i_rank_p90": 2717.5,
  "s2i_rank_percentile_mean": 0.6964786052703857,
  "s2i_rank_percentile_median": 0.7496947050094604,
  "s2i_recall@1": 0.0009765625,
  "s2i_recall@10": 0.007568359375,
  "s2i_recall@5": 0.003173828125,
  "spectrum_mean_norm": 1.0,
  "spectrum_mean_std": 0.05015575885772705,
  "spectrum_valid_fraction": 0.2145592961460352,
  "split": "val"
}
