{
  "best_epoch": 2,
  "best_learning_rate": 0.0002998882102549048,
  "best_n_train": 16384,
  "best_n_val": 4096,
  "best_seconds": 30.834,
  "best_stopped_early": false,
  "best_train_contrastive_accumulation_steps": 4.0,
  "best_train_effective_contrastive_batch_size": 128.0,
  "best_train_grad_norm": 3.7172965053468943,
  "best_train_loss": 4.474585119634867,
  "best_train_optimizer_steps": 128.0,
  "best_val_i2s_mean_rank": 1206.11865234375,
  "best_val_i2s_median_rank": 969.0,
  "best_val_i2s_mrr": 0.007436787709593773,
  "best_val_i2s_rank_p10": 120.0,
  "best_val_i2s_rank_p90": 2709.0,
  "best_val_i2s_rank_percentile_mean": 0.70570969581604,
  "best_val_i2s_rank_percentile_median": 0.7633699774742126,
  "best_val_i2s_recall@1": 0.001220703125,
  "best_val_i2s_recall@10": 0.0126953125,
  "best_val_i2s_recall@5": 0.00732421875,
  "best_val_image_channel_valid_fraction": 0.52042644075118,
  "best_val_image_mean_norm": 1.0,
  "best_val_image_mean_std": 0.023127125576138496,
  "best_val_loss": 3.097617221996188,
  "best_val_negative_cosine_mean": 0.30335569381713867,
  "best_val_negative_cosine_std": 0.058099132031202316,
  "best_val_positive_cosine_mean": 0.3414043188095093,
  "best_val_positive_cosine_std": 0.0305467639118433,
  "best_val_positive_negative_margin": 0.038048624992370605,
  "best_val_s2i_mean_rank": 1222.280517578125,
  "best_val_s2i_median_rank": 986.0,
  "best_val_s2i_mrr": 0.005969720426946878,
  "best_val_s2i_rank_p10": 126.5,
  "best_val_s2i_rank_p90": 2699.5,
  "best_val_s2i_rank_percentile_mean": 0.7017630338668823,
  "best_val_s2i_rank_percentile_median": 0.7592185735702515,
  "best_val_s2i_recall@1": 0.001220703125,
  "best_val_s2i_recall@10": 0.00634765625,
  "best_val_s2i_recall@5": 0.0029296875,
  "best_val_spectrum_mean_norm": 1.0,
  "best_val_spectrum_mean_std": 0.026557307690382004,
  "best_val_spectrum_valid_fraction": 0.2145592961460352,
  "epoch": 8,
  "learning_rate": 0.00029455600928577876,
  "n_train": 16384,
  "n_val": 4096,
  "seconds": 33.839,
  "stopped_early": true,
  "train_contrastive_accumulation_steps": 4.0,
  "train_effective_contrastive_batch_size": 128.0,
  "train_grad_norm": 15.975970171391964,
  "train_loss": 3.6148026306182146,
  "train_optimizer_steps": 128.0,
  "val_i2s_mean_rank": 1350.870849609375,
  "val_i2s_median_rank": 1154.0,
  "val_i2s_mrr": 0.005636902526021004,
  "val_i2s_rank_p10": 158.0,
  "val_i2s_rank_p90": 2927.5,
  "val_i2s_rank_percentile_mean": 0.6703612804412842,
  "val_i2s_rank_percentile_median": 0.7181929349899292,
  "val_i2s_recall@1": 0.0009765625,
  "val_i2s_recall@10": 0.008544921875,
  "val_i2s_recall@5": 0.004150390625,
  "val_image_channel_valid_fraction": 0.52042644075118,
  "val_image_mean_norm": 1.0,
  "val_image_mean_std": 0.04456140100955963,
  "val_loss": 4.019249681383371,
  "val_negative_cosine_mean": 0.44132333993911743,
  "val_negative_cosine_std": 0.13218717277050018,
  "val_positive_cosine_mean": 0.5170588493347168,
  "val_positive_cosine_std": 0.07208345830440521,
  "val_positive_negative_margin": 0.07573550939559937,
  "val_s2i_mean_rank": 1340.71533203125,
  "val_s2i_median_rank": 1109.0,
  "val_s2i_mrr": 0.005772341042757034,
  "val_s2i_rank_p10": 143.5,
  "val_s2i_rank_p90": 2889.5,
  "val_s2i_rank_percentile_mean": 0.6728411912918091,
  "val_s2i_rank_percentile_median": 0.7291818857192993,
  "val_s2i_recall@1": 0.001220703125,
  "val_s2i_recall@10": 0.007568359375,
  "val_s2i_recall@5": 0.00439453125,
  "val_spectrum_mean_norm": 1.0,
  "val_spectrum_mean_std": 0.040977198630571365,
  "val_spectrum_valid_fraction": 0.2145592961460352
}
