{
  "embedding_dim": 128,
  "embeddings_path": "project/results/contrastive/long_simple_20260717_134339/export_test_full/embeddings.npz",
  "knn_kth_distance": {
    "max": 0.20317953824996948,
    "mean": 0.007721885573118925,
    "min": 0.001332998275756836,
    "p25": 0.0037649422883987427,
    "p50": 0.005698025226593018,
    "p75": 0.009055480360984802,
    "p95": 0.019283264875411987,
    "std": 0.007657310925424099
  },
  "knn_mean_distance": {
    "max": 0.17238155007362366,
    "mean": 0.006115501746535301,
    "min": 0.0010714530944824219,
    "p25": 0.0030173256527632475,
    "p50": 0.004497230052947998,
    "p75": 0.0071373493410646915,
    "p95": 0.01527402363717556,
    "std": 0.006018355954438448
  },
  "n_objects": 6586,
  "pair_distance": {
    "max": 0.9169819951057434,
    "mean": 0.42561012506484985,
    "min": 0.1341618299484253,
    "p25": 0.38442263007164,
    "p50": 0.43911585211753845,
    "p75": 0.4690585136413574,
    "p95": 0.5391290187835693,
    "std": 0.07920809835195541
  },
  "pca_explained_variance_ratio": [
    0.5274139642715454,
    0.26646921038627625
  ],
  "prefix_counts": {
    "hst_3dhst": 5423,
    "jwst_ceers": 254,
    "jwst_cosmos": 208,
    "jwst_jades": 403,
    "jwst_uds": 298
  }
}
