{
  "best_epoch": 1,
  "best_learning_rate": 0.0003,
  "best_n_train": 256,
  "best_n_val": 128,
  "best_seconds": 0.631,
  "best_stopped_early": false,
  "best_train_grad_norm": 0.9717215001583099,
  "best_train_loss": 3.4392366111278534,
  "best_val_i2s_recall@1": 0.0078125,
  "best_val_i2s_recall@10": 0.09375,
  "best_val_i2s_recall@5": 0.0390625,
  "best_val_image_channel_valid_fraction": 0.5225694477558136,
  "best_val_image_mean_norm": 1.0,
  "best_val_image_mean_std": 0.001819467986933887,
  "best_val_loss": 3.4658418893814087,
  "best_val_negative_cosine_mean": 0.01624736189842224,
  "best_val_negative_cosine_std": 0.002493677893653512,
  "best_val_positive_cosine_mean": 0.016263466328382492,
  "best_val_positive_cosine_std": 0.0026339832693338394,
  "best_val_positive_negative_margin": 1.6104429960250854e-05,
  "best_val_s2i_recall@1": 0.0078125,
  "best_val_s2i_recall@10": 0.078125,
  "best_val_s2i_recall@5": 0.0390625,
  "best_val_spectrum_mean_norm": 1.0,
  "best_val_spectrum_mean_std": 0.0008532771607860923,
  "best_val_spectrum_valid_fraction": 0.2156207598745823,
  "epoch": 3,
  "learning_rate": 8.250000000000003e-05,
  "n_train": 256,
  "n_val": 128,
  "seconds": 0.239,
  "stopped_early": true,
  "train_grad_norm": 1.8904228806495667,
  "train_loss": 3.215030312538147,
  "val_i2s_recall@1": 0.015625,
  "val_i2s_recall@10": 0.0859375,
  "val_i2s_recall@5": 0.03125,
  "val_image_channel_valid_fraction": 0.5225694477558136,
  "val_image_mean_norm": 1.0,
  "val_image_mean_std": 0.012070156633853912,
  "val_loss": 3.4734429717063904,
  "val_negative_cosine_mean": 0.1359827071428299,
  "val_negative_cosine_std": 0.02753223292529583,
  "val_positive_cosine_mean": 0.13863325119018555,
  "val_positive_cosine_std": 0.03225366771221161,
  "val_positive_negative_margin": 0.002650544047355652,
  "val_s2i_recall@1": 0.0078125,
  "val_s2i_recall@10": 0.078125,
  "val_s2i_recall@5": 0.03125,
  "val_spectrum_mean_norm": 1.0,
  "val_spectrum_mean_std": 0.006670236121863127,
  "val_spectrum_valid_fraction": 0.2156207598745823
}
