{
  "checkpoint_path": "project/results/contrastive/accum_temp_sweep_20260717_1918/temp010/best.pt",
  "fold": 0,
  "i2s_mean_rank": 1192.20654296875,
  "i2s_median_rank": 934.0,
  "i2s_mrr": 0.007134012877941132,
  "i2s_rank_p10": 113.0,
  "i2s_rank_p90": 2694.0,
  "i2s_rank_percentile_mean": 0.709106981754303,
  "i2s_rank_percentile_median": 0.7719169855117798,
  "i2s_recall@1": 0.00146484375,
  "i2s_recall@10": 0.01123046875,
  "i2s_recall@5": 0.0048828125,
  "image_channel_valid_fraction": 0.5191786077339202,
  "image_mean_norm": 1.0,
  "image_mean_std": 0.043092191219329834,
  "n_objects": 4096,
  "negative_cosine_mean": 0.3576054275035858,
  "negative_cosine_std": 0.2207191288471222,
  "positive_cosine_mean": 0.5076926350593567,
  "positive_cosine_std": 0.10225804895162582,
  "positive_negative_margin": 0.15008720755577087,
  "s2i_mean_rank": 1208.05712890625,
  "s2i_median_rank": 945.0,
  "s2i_mrr": 0.007026487495750189,
  "s2i_rank_p10": 113.5,
  "s2i_rank_p90": 2711.0,
  "s2i_rank_percentile_mean": 0.7052363157272339,
  "s2i_rank_percentile_median": 0.769474983215332,
  "s2i_recall@1": 0.00146484375,
  "s2i_recall@10": 0.010498046875,
  "s2i_recall@5": 0.005615234375,
  "spectrum_mean_norm": 1.0,
  "spectrum_mean_std": 0.04844623804092407,
  "spectrum_valid_fraction": 0.21432473615277559,
  "split": "test"
}
