{
  "checkpoint_path": "project/results/contrastive/hpo_loss_lr_temp_20260720_1320/lr3e4_temp010_s2i/best.pt",
  "fold": 0,
  "i2s_mean_rank": 1473.564697265625,
  "i2s_median_rank": 1241.0,
  "i2s_mrr": 0.003596115857362747,
  "i2s_rank_p10": 197.5,
  "i2s_rank_p90": 3149.5,
  "i2s_rank_percentile_mean": 0.6403993964195251,
  "i2s_rank_percentile_median": 0.696947455406189,
  "i2s_recall@1": 0.000244140625,
  "i2s_recall@10": 0.00390625,
  "i2s_recall@5": 0.002197265625,
  "image_channel_valid_fraction": 0.5191786077339202,
  "image_mean_norm": 1.0,
  "image_mean_std": 0.04120802879333496,
  "n_objects": 4096,
  "negative_cosine_mean": 0.4079572558403015,
  "negative_cosine_std": 0.3243652880191803,
  "positive_cosine_mean": 0.5695571303367615,
  "positive_cosine_std": 0.24757741391658783,
  "positive_negative_margin": 0.16159987449645996,
  "s2i_mean_rank": 1231.743896484375,
  "s2i_median_rank": 984.0,
  "s2i_mrr": 0.006356372497975826,
  "s2i_rank_p10": 118.0,
  "s2i_rank_p90": 2749.0,
  "s2i_rank_percentile_mean": 0.6994521021842957,
  "s2i_rank_percentile_median": 0.7599511742591858,
  "s2i_recall@1": 0.000732421875,
  "s2i_recall@10": 0.01025390625,
  "s2i_recall@5": 0.00537109375,
  "spectrum_mean_norm": 1.0,
  "spectrum_mean_std": 0.05840358883142471,
  "spectrum_valid_fraction": 0.21432473615277559,
  "split": "test"
}
