{
  "embedding_dim": 128,
  "embeddings_path": "project/results/contrastive/normalized_medium_20260715_173724/export_test2048/embeddings.npz",
  "knn_kth_distance": {
    "max": 0.07455819845199585,
    "mean": 0.004075787495821714,
    "min": 0.0006023645401000977,
    "p25": 0.0018116533756256104,
    "p50": 0.0029813647270202637,
    "p75": 0.004776462912559509,
    "p95": 0.01031764317303896,
    "std": 0.004261321853846312
  },
  "knn_mean_distance": {
    "max": 0.051091402769088745,
    "mean": 0.002937757410109043,
    "min": 0.00045986176701262593,
    "p25": 0.0013232901692390442,
    "p50": 0.002156558446586132,
    "p75": 0.0034643367398530245,
    "p95": 0.007646803278476,
    "std": 0.003106478601694107
  },
  "n_objects": 2048,
  "pair_distance": {
    "max": 0.87140291929245,
    "mean": 0.4457818269729614,
    "min": 0.150593101978302,
    "p25": 0.4149765372276306,
    "p50": 0.447234570980072,
    "p75": 0.48640453815460205,
    "p95": 0.5783501863479614,
    "std": 0.0844360738992691
  },
  "pca_explained_variance_ratio": [
    0.732677161693573,
    0.17704936861991882
  ],
  "prefix_counts": {
    "hst_3dhst": 2048
  }
}
