{
  "epoch": 5,
  "n_train": 8192,
  "n_val": 2048,
  "seconds": 6.383,
  "train_loss": 3.5533058997243643,
  "val_i2s_recall@1": 0.0009765625,
  "val_i2s_recall@10": 0.0166015625,
  "val_i2s_recall@5": 0.0087890625,
  "val_image_mean_norm": 1.0,
  "val_image_mean_std": 0.02535158395767212,
  "val_loss": 4.311142235994339,
  "val_s2i_recall@1": 0.0009765625,
  "val_s2i_recall@10": 0.0166015625,
  "val_s2i_recall@5": 0.00830078125,
  "val_spectrum_mean_norm": 1.0,
  "val_spectrum_mean_std": 0.03784041851758957
}
