{
  "embedding_dim": 128,
  "embeddings_path": "project/results/contrastive/long_simple_pat20_20260717_140310/export_test_full/embeddings.npz",
  "knn_kth_distance": {
    "max": 0.2031160593032837,
    "mean": 0.007717985659837723,
    "min": 0.0013260841369628906,
    "p25": 0.0037549734115600586,
    "p50": 0.005698949098587036,
    "p75": 0.009059369564056396,
    "p95": 0.01937165856361389,
    "std": 0.007654920220375061
  },
  "knn_mean_distance": {
    "max": 0.17217117547988892,
    "mean": 0.006111802998930216,
    "min": 0.0010694980155676603,
    "p25": 0.0030105053447186947,
    "p50": 0.004492461681365967,
    "p75": 0.007131041493266821,
    "p95": 0.015290137380361557,
    "std": 0.0060143726877868176
  },
  "n_objects": 6586,
  "pair_distance": {
    "max": 0.917214572429657,
    "mean": 0.4254486858844757,
    "min": 0.13386213779449463,
    "p25": 0.3842376172542572,
    "p50": 0.4389648139476776,
    "p75": 0.4688464105129242,
    "p95": 0.5393919944763184,
    "std": 0.07918967306613922
  },
  "pca_explained_variance_ratio": [
    0.5272013545036316,
    0.26660141348838806
  ],
  "prefix_counts": {
    "hst_3dhst": 5423,
    "jwst_ceers": 254,
    "jwst_cosmos": 208,
    "jwst_jades": 403,
    "jwst_uds": 298
  }
}
